-- phpMyAdmin SQL Dump
-- version 5.1.1
-- https://www.phpmyadmin.net/
--
-- Host: 127.0.0.1
-- Generation Time: Jan 07, 2022 at 04:31 AM
-- Server version: 10.4.22-MariaDB
-- PHP Version: 7.3.33

SET SQL_MODE = "NO_AUTO_VALUE_ON_ZERO";
START TRANSACTION;
SET time_zone = "+00:00";


/*!40101 SET @OLD_CHARACTER_SET_CLIENT=@@CHARACTER_SET_CLIENT */;
/*!40101 SET @OLD_CHARACTER_SET_RESULTS=@@CHARACTER_SET_RESULTS */;
/*!40101 SET @OLD_COLLATION_CONNECTION=@@COLLATION_CONNECTION */;
/*!40101 SET NAMES utf8mb4 */;

--
-- Database: `pre_carcal`
--

-- --------------------------------------------------------

--
-- Table structure for table `car_brand`
--

CREATE TABLE `car_brand` (
  `brand_ID` int(10) NOT NULL,
  `Brand_Name` varchar(255) NOT NULL
) ENGINE=InnoDB DEFAULT CHARSET=utf8;

--
-- Dumping data for table `car_brand`
--

INSERT INTO `car_brand` (`brand_ID`, `Brand_Name`) VALUES
(1, 'HONDA'),
(2, 'ISUZU'),
(3, 'FORD'),
(4, 'CHEVROLET'),
(5, 'NISSAN'),
(6, 'TOYOTA'),
(7, 'SUSUKI'),
(8, 'MITSUBISHI'),
(9, 'SUBARU'),
(10, 'MAZDA'),
(11, 'BMW'),
(12, 'Benz'),
(13, 'MG'),
(14, 'HYUNDAI'),
(15, 'KIA'),
(16, 'TATA'),
(17, 'Lexus'),
(18, 'VOLKSWAGEN'),
(19, 'Volvo');

-- --------------------------------------------------------

--
-- Table structure for table `car_info`
--

CREATE TABLE `car_info` (
  `id` int(10) NOT NULL,
  `brand_ID` varchar(255) NOT NULL,
  `group` varchar(255) NOT NULL,
  `car_code` varchar(255) NOT NULL,
  `cpg` varchar(255) NOT NULL,
  `min0` varchar(255) NOT NULL,
  `max0` varchar(255) NOT NULL,
  `min1` varchar(255) NOT NULL,
  `max1` varchar(255) NOT NULL,
  `min2` varchar(255) NOT NULL,
  `max2` varchar(255) NOT NULL,
  `min3` varchar(255) NOT NULL,
  `max3` varchar(255) NOT NULL,
  `min4` varchar(255) NOT NULL,
  `max4` varchar(255) NOT NULL,
  `min5` varchar(255) NOT NULL,
  `max5` varchar(255) NOT NULL,
  `min6` varchar(255) NOT NULL,
  `max6` varchar(255) NOT NULL,
  `min7` varchar(255) NOT NULL,
  `max7` varchar(255) NOT NULL,
  `min8` varchar(255) NOT NULL,
  `max8` varchar(255) NOT NULL,
  `min9` varchar(255) NOT NULL,
  `max9` varchar(255) NOT NULL,
  `min10` varchar(255) NOT NULL,
  `max10` varchar(255) NOT NULL,
  `min11` varchar(255) NOT NULL,
  `max11` varchar(255) NOT NULL,
  `min12` varchar(255) NOT NULL,
  `max12` varchar(255) NOT NULL,
  `min13` varchar(255) NOT NULL,
  `max13` varchar(255) NOT NULL,
  `min14` varchar(255) NOT NULL,
  `max14` varchar(255) NOT NULL,
  `min15` varchar(255) NOT NULL,
  `max15` varchar(255) NOT NULL,
  `Model_ID` varchar(255) NOT NULL
) ENGINE=InnoDB DEFAULT CHARSET=utf8;

--
-- Dumping data for table `car_info`
--

INSERT INTO `car_info` (`id`, `brand_ID`, `group`, `car_code`, `cpg`, `min0`, `max0`, `min1`, `max1`, `min2`, `max2`, `min3`, `max3`, `min4`, `max4`, `min5`, `max5`, `min6`, `max6`, `min7`, `max7`, `min8`, `max8`, `min9`, `max9`, `min10`, `max10`, `min11`, `max11`, `min12`, `max12`, `min13`, `max13`, `min14`, `max14`, `min15`, `max15`, `Model_ID`) VALUES
(1, '12', '2', '1101', 'กลุ่ม2', '1990000', '1990000', '1600000', '1800000', '1400000', '1600000', '1300000', '1400000', '1200000', '1300000', '1100000', '1200000', '1000000', '1100000', '900000', '1000000', '810000', '900000', '730000', '810000', '660000', '730000', '0', '0', '0', '0', '0', '0', '0', '0', '0', '0', '1'),
(2, '12', '2', '1101', 'กลุ่ม2', '2590000', '2590000', '2100000', '2300000', '1900000', '2100000', '1700000', '1900000', '1500000', '1700000', '1400000', '1500000', '1300000', '1400000', '1200000', '1300000', '1100000', '1200000', '990000', '1100000', '890000', '990000', '0', '0', '0', '0', '0', '0', '0', '0', '0', '0', '2'),
(3, '12', '2', '1101', 'กลุ่ม2', '2790000', '2990000', '2200000', '2400000', '2000000', '2200000', '1800000', '2000000', '1600000', '1800000', '1400000', '1600000', '1300000', '1400000', '1200000', '1300000', '1100000', '1200000', '990000', '1100000', '890000', '990000', '0', '0', '0', '0', '0', '0', '0', '0', '0', '0', '3'),
(4, '12', '2', '1101', 'กลุ่ม2', '2590000', '2920000', '2100000', '2300000', '1900000', '2100000', '1700000', '1900000', '1500000', '1700000', '1400000', '1500000', '1300000', '1400000', '1200000', '1300000', '1100000', '1200000', '990000', '1100000', '890000', '990000', '0', '0', '0', '0', '0', '0', '0', '0', '0', '0', '4'),
(5, '12', '2', '1101', 'กลุ่ม2', '3390000', '3390000', '2700000', '3100000', '2400000', '2800000', '2200000', '2500000', '2000000', '2300000', '1800000', '2100000', '1600000', '1900000', '1400000', '1700000', '1300000', '1500000', '1200000', '1400000', '1100000', '1300000', '0', '0', '0', '0', '0', '0', '0', '0', '0', '0', '5'),
(6, '12', '2', '1101', 'กลุ่ม2', '2140000', '2140000', '1700000', '1900000', '1500000', '1700000', '1400000', '1500000', '1300000', '1400000', '1200000', '1300000', '1100000', '1200000', '1000000', '1100000', '900000', '1000000', '810000', '900000', '730000', '810000', '0', '0', '0', '0', '0', '0', '0', '0', '0', '0', '6'),
(7, '12', '2', '1101', 'กลุ่ม2', '2490000', '3140000', '2000000', '2500000', '1800000', '2300000', '1600000', '2100000', '1400000', '1900000', '1300000', '1700000', '1200000', '1500000', '1100000', '1400000', '990000', '1300000', '890000', '1200000', '800000', '1100000', '0', '0', '0', '0', '0', '0', '0', '0', '0', '0', '7'),
(8, '12', '2', '1101', 'กลุ่ม2', '2090000', '2090000', '1700000', '1900000', '1500000', '1700000', '1400000', '1500000', '1300000', '1400000', '1200000', '1300000', '1100000', '1200000', '1000000', '1100000', '900000', '1000000', '810000', '900000', '730000', '810000', '0', '0', '0', '0', '0', '0', '0', '0', '0', '0', '8'),
(9, '12', '2', '1101', 'กลุ่ม2', '2390000', '2390000', '1900000', '2200000', '1700000', '2000000', '1500000', '1800000', '1400000', '1600000', '1300000', '1400000', '1200000', '1300000', '1100000', '1200000', '990000', '1100000', '890000', '990000', '800000', '890000', '0', '0', '0', '0', '0', '0', '0', '0', '0', '0', '9'),
(10, '11', '2', '1101', 'BMW', '1749000', '1999000', '1400000', '1600000', '1300000', '1400000', '1200000', '1300000', '1100000', '1200000', '1000000', '1100000', '900000', '1000000', '810000', '900000', '0', '0', '0', '0', '0', '0', '0', '0', '0', '0', '0', '0', '0', '0', '0', '0', '10'),
(11, '11', '2', '1101', 'BMW', '2249000', '2249000', '1800000', '2000000', '1600000', '1800000', '1400000', '1600000', '1300000', '1400000', '1200000', '1300000', '1100000', '1200000', '1000000', '1100000', '0', '0', '0', '0', '0', '0', '0', '0', '0', '0', '0', '0', '0', '0', '0', '0', '11'),
(12, '11', '2', '1101', 'BMW', '2399000', '2699000', '1900000', '2200000', '1700000', '2000000', '1500000', '1800000', '1400000', '1600000', '1300000', '1400000', '1200000', '1300000', '1100000', '1200000', '0', '0', '0', '0', '0', '0', '0', '0', '0', '0', '0', '0', '0', '0', '0', '0', '12'),
(13, '11', '2', '1101', 'BMW', '2499000', '3199000', '2000000', '2600000', '1800000', '2300000', '1600000', '2100000', '1400000', '1900000', '1300000', '1700000', '1200000', '1500000', '1100000', '1400000', '0', '0', '0', '0', '0', '0', '0', '0', '0', '0', '0', '0', '0', '0', '0', '0', '13'),
(14, '11', '2', '1101', 'BMW', '3099000', '\n3,099,000\n', '2500000', '2800000', '2300000', '2500000', '2100000', '2300000', '1900000', '2100000', '1700000', '1900000', '1500000', '1700000', '1400000', '1500000', '0', '0', '0', '0', '0', '0', '0', '0', '0', '0', '0', '0', '0', '0', '0', '0', '14'),
(15, '11', '2', '1101', 'BMW', '3399000', '3399000', '2700000', '3100000', '2400000', '2800000', '2200000', '2500000', '2000000', '2300000', '1800000', '2100000', '1600000', '1900000', '1400000', '1700000', '0', '0', '0', '0', '0', '0', '0', '0', '0', '0', '0', '0', '0', '0', '0', '0', '15'),
(16, '11', '2', '1101', 'BMW', '3599000', '3349000', '2700000', '2900000', '2400000', '2600000', '2200000', '2300000', '2000000', '2100000', '1800000', '1900000', '1600000', '1700000', '1400000', '1500000', '0', '0', '0', '0', '0', '0', '0', '0', '0', '0', '0', '0', '0', '0', '0', '0', '16'),
(17, '11', '2', '1101', 'BMW', '3899000', '3899000', '3100000', '3500000', '2800000', '3200000', '2500000', '2900000', '2300000', '2600000', '2100000', '2300000', '1900000', '2100000', '1700000', '1900000', '0', '0', '0', '0', '0', '0', '0', '0', '0', '0', '0', '0', '0', '0', '0', '0', '17'),
(18, '11', '2', '1101', 'BMW', '4299000', '3699000', '3000000', '3400000', '2700000', '3100000', '2400000', '2800000', '2200000', '2500000', '2000000', '2300000', '1800000', '2100000', '1600000', '1900000', '0', '0', '0', '0', '0', '0', '0', '0', '0', '0', '0', '0', '0', '0', '0', '0', '18'),
(19, '11', '2', '1101', 'BMW', '4299000', '4299000', '3400000', '3900000', '3100000', '3500000', '2800000', '3200000', '2500000', '2900000', '2300000', '2600000', '2100000', '2300000', '1900000', '2100000', '0', '0', '0', '0', '0', '0', '0', '0', '0', '0', '0', '0', '0', '0', '0', '0', '19'),
(20, '11', '2', '1101', 'BMW', '2249000', '2899000', '1800000', '2300000', '1600000', '2100000', '1400000', '1900000', '1300000', '1700000', '1200000', '1500000', '1100000', '1400000', '1000000', '1300000', '0', '0', '0', '0', '0', '0', '0', '0', '0', '0', '0', '0', '0', '0', '0', '0', '20'),
(21, '11', '2', '1101', 'BMW', '3499000', '3499000', '2800000', '3100000', '2500000', '2800000', '2300000', '2500000', '2100000', '2300000', '1900000', '2100000', '1700000', '1900000', '1500000', '1700000', '0', '0', '0', '0', '0', '0', '0', '0', '0', '0', '0', '0', '0', '0', '0', '0', '21'),
(22, '4', '5', '1101', 'กลุ่ม5', '762000', '762000', '610000', '650000', '550000', '590000', '500000', '530000', '450000', '480000', '410000', '430000', '370000', '390000', '330000', '350000', '300000', '320000', '270000', '290000', '240000', '260000', '220000', '230000', '200000', '210000', '180000', '190000', '160000', '170000', '140000', '150000', '22'),
(23, '4', '5', '1101', 'กลุ่ม5', '565000', '642000', '450000', '510000', '410000', '460000', '370000', '410000', '330000', '370000', '300000', '330000', '270000', '300000', '240000', '270000', '220000', '240000', '200000', '220000', '180000', '200000', '160000', '180000', '140000', '160000', '130000', '140000', '120000', '130000', '110000', '120000', '23'),
(24, '4', '5', '1101', 'กลุ่ม5', '667000', '709000', '530000', '570000', '480000', '510000', '430000', '460000', '390000', '410000', '350000', '370000', '320000', '330000', '290000', '300000', '260000', '270000', '230000', '240000', '210000', '220000', '190000', '200000', '170000', '180000', '150000', '160000', '140000', '140000', '130000', '130000', '24'),
(25, '4', '5', '1101', 'กลุ่ม5', '505000', '584000', '0', '0', '0', '0', '320000', '380000', '290000', '340000', '260000', '310000', '230000', '280000', '210000', '250000', '190000', '230000', '170000', '210000', '150000', '190000', '140000', '170000', '130000', '150000', '120000', '140000', '110000', '130000', '100000', '120000', '25'),
(26, '4', '5', '1101', 'กลุ่ม5', '635000', '709000', '0', '0', '0', '0', '410000', '460000', '370000', '410000', '330000', '370000', '300000', '330000', '270000', '300000', '240000', '270000', '220000', '240000', '200000', '220000', '180000', '200000', '160000', '180000', '140000', '160000', '130000', '140000', '120000', '130000', '26'),
(27, '4', '4', '1101', 'กลุ่ม4', '674000', '956000', '0', '0', '0', '0', '0', '0', '0', '0', '230000', '310000', '210000', '280000', '190000', '250000', '170000', '230000', '150000', '210000', '140000', '190000', '130000', '170000', '120000', '150000', '110000', '140000', '100000', '130000', '90000', '120000', '27'),
(28, '4', '4', '1101', 'กลุ่ม4', '719000', '1001000', '0', '0', '0', '0', '0', '0', '0', '0', '240000', '290000', '220000', '260000', '200000', '230000', '180000', '210000', '160000', '190000', '140000', '170000', '130000', '150000', '120000', '140000', '110000', '130000', '100000', '120000', '90000', '110000', '28'),
(29, '4', '4', '1101', 'กลุ่ม4', '0', '', '0', '0', '0', '0', '0', '0', '0', '0', '250000', '270000', '230000', '240000', '210000', '220000', '190000', '200000', '170000', '180000', '150000', '160000', '140000', '140000', '130000', '130000', '120000', '120000', '110000', '110000', '100000', '100000', '29'),
(30, '4', '3', '1101', 'กลุ่ม3 ทั่วไป', '735000', '814000', '590000', '650000', '530000', '590000', '480000', '530000', '430000', '480000', '390000', '430000', '350000', '390000', '320000', '350000', '290000', '320000', '260000', '290000', '230000', '260000', '210000', '230000', '190000', '210000', '170000', '190000', '150000', '170000', '140000', '150000', '30'),
(31, '4', '3', '1101', 'กลุ่ม3 ทั่วไป', '845000', '998000', '680000', '800000', '610000', '720000', '550000', '650000', '500000', '590000', '450000', '530000', '410000', '480000', '370000', '430000', '330000', '390000', '300000', '350000', '270000', '320000', '240000', '290000', '220000', '260000', '200000', '230000', '180000', '210000', '160000', '190000', '31'),
(32, '4', '3', '1101', 'กลุ่ม3 ทั่วไป', '1165000', '1165000', '930000', '990000', '840000', '890000', '760000', '800000', '680000', '720000', '610000', '650000', '550000', '590000', '500000', '530000', '450000', '480000', '410000', '430000', '370000', '390000', '330000', '350000', '300000', '320000', '270000', '290000', '240000', '260000', '220000', '230000', '32'),
(33, '4', '3', '1101', 'กลุ่ม3 ทั่วไป', '1410000', '1699000', '1100000', '1400000', '990000', '1300000', '890000', '1200000', '800000', '1100000', '720000', '990000', '650000', '890000', '590000', '800000', '530000', '720000', '480000', '650000', '430000', '590000', '390000', '530000', '350000', '480000', '320000', '430000', '290000', '390000', '260000', '350000', '33'),
(34, '4', '3', '1102', 'กลุ่ม3 ทั่วไป', '1198000', '1580000', '960000', '1300000', '860000', '1200000', '770000', '1100000', '690000', '990000', '620000', '890000', '560000', '800000', '500000', '720000', '450000', '650000', '410000', '590000', '370000', '530000', '330000', '480000', '300000', '430000', '270000', '390000', '240000', '350000', '220000', '320000', '34'),
(35, '4', '3', '1102', 'กลุ่ม3 ทั่วไป', '1095000', '1095000', '880000', '930000', '790000', '840000', '710000', '760000', '640000', '680000', '580000', '610000', '520000', '550000', '470000', '500000', '420000', '450000', '380000', '410000', '340000', '370000', '310000', '330000', '280000', '300000', '250000', '270000', '230000', '240000', '210000', '220000', '35'),
(36, '4', '3', '1102', 'กลุ่ม3 ทั่วไป', '1129000', '1465000', '900000', '1200000', '810000', '1100000', '730000', '990000', '660000', '890000', '590000', '800000', '530000', '720000', '480000', '650000', '430000', '590000', '390000', '530000', '350000', '480000', '320000', '430000', '290000', '390000', '260000', '350000', '230000', '320000', '210000', '290000', '36'),
(37, '4', '3', '1102', 'Pickup4ประตู', '689500', '808000', '550000', '650000', '500000', '590000', '450000', '530000', '410000', '480000', '370000', '430000', '330000', '390000', '300000', '350000', '270000', '320000', '240000', '290000', '220000', '260000', '200000', '230000', '180000', '210000', '160000', '190000', '140000', '170000', '130000', '150000', '37'),
(38, '4', '3', '1102', 'Pickup4ประตู', '794000', '998000', '640000', '800000', '580000', '720000', '520000', '650000', '470000', '590000', '420000', '530000', '380000', '480000', '340000', '430000', '310000', '390000', '280000', '350000', '250000', '320000', '230000', '290000', '210000', '260000', '190000', '230000', '170000', '210000', '150000', '190000', '38'),
(39, '4', '3', '1102', 'Pickup4ประตู', '0', '', '0', '0', '0', '0', '0', '0', '420000', '530000', '380000', '480000', '340000', '430000', '310000', '390000', '280000', '350000', '250000', '320000', '230000', '290000', '210000', '260000', '190000', '230000', '170000', '210000', '150000', '190000', '140000', '170000', '39'),
(40, '4', '3', '1102', 'Pickup4ประตู', '969000', '1029000', '780000', '820000', '700000', '740000', '630000', '670000', '570000', '600000', '510000', '540000', '460000', '490000', '410000', '440000', '370000', '400000', '330000', '360000', '300000', '320000', '270000', '290000', '240000', '260000', '220000', '230000', '200000', '210000', '180000', '190000', '40'),
(41, '4', '-', '3201', 'Pickupบรรทุก', '570000', '570000', '460000', '480000', '410000', '430000', '370000', '390000', '330000', '350000', '300000', '320000', '270000', '290000', '240000', '260000', '220000', '230000', '200000', '210000', '180000', '190000', '160000', '170000', '140000', '150000', '130000', '140000', '120000', '130000', '110000', '120000', '41'),
(42, '4', '-', '3201', 'Pickupบรรทุก', '0', '', '-', '-', '-', '-', '-', '-', '-', '-', '-', '-', '340000', '380000', '310000', '340000', '280000', '310000', '250000', '280000', '230000', '250000', '210000', '230000', '190000', '210000', '170000', '190000', '150000', '170000', '140000', '150000', '42'),
(43, '4', '-', '3201', 'Pickupบรรทุก', '599000', '730000', '480000', '580000', '430000', '520000', '390000', '470000', '350000', '420000', '320000', '380000', '290000', '340000', '260000', '310000', '230000', '280000', '210000', '250000', '190000', '230000', '170000', '210000', '150000', '190000', '140000', '170000', '130000', '150000', '120000', '140000', '43'),
(44, '4', '-', '3201', 'Pickupบรรทุก', '745000', '852000', '600000', '680000', '540000', '610000', '490000', '550000', '440000', '500000', '400000', '450000', '360000', '410000', '320000', '370000', '290000', '330000', '260000', '300000', '230000', '270000', '210000', '240000', '190000', '220000', '170000', '200000', '150000', '180000', '140000', '160000', '44'),
(45, '3', '-', '3201', 'Pickupบรรทุก', '0', '', '0', '0', '0', '0', '0', '0', '420000', '500000', '380000', '450000', '340000', '410000', '310000', '370000', '280000', '330000', '250000', '300000', '230000', '270000', '210000', '240000', '190000', '220000', '170000', '200000', '150000', '180000', '140000', '160000', '45'),
(46, '3', '5', '1101', 'กลุ่ม5', '779000', '779000', '620000', '660000', '560000', '590000', '500000', '530000', '450000', '480000', '410000', '430000', '370000', '390000', '330000', '350000', '300000', '320000', '270000', '290000', '240000', '260000', '220000', '230000', '200000', '210000', '180000', '190000', '160000', '170000', '140000', '150000', '46'),
(47, '3', '5', '1101', 'กลุ่ม5', '549000', '594000', '440000', '480000', '400000', '430000', '360000', '390000', '320000', '350000', '290000', '320000', '260000', '290000', '230000', '260000', '210000', '230000', '190000', '210000', '170000', '190000', '150000', '170000', '140000', '150000', '130000', '140000', '120000', '130000', '110000', '120000', '47'),
(48, '3', '5', '1101', 'กลุ่ม5', '644000', '699000', '520000', '560000', '470000', '500000', '420000', '450000', '380000', '410000', '340000', '370000', '310000', '330000', '280000', '300000', '250000', '270000', '230000', '240000', '210000', '220000', '190000', '200000', '170000', '180000', '150000', '160000', '140000', '140000', '130000', '130000', '48'),
(49, '3', '5', '1101', 'กลุ่ม5', '704000', '759000', '560000', '610000', '500000', '550000', '450000', '500000', '410000', '450000', '370000', '410000', '330000', '370000', '300000', '330000', '270000', '300000', '240000', '270000', '220000', '240000', '200000', '220000', '180000', '200000', '160000', '180000', '140000', '160000', '130000', '140000', '49'),
(50, '3', '4', '1101', 'กลุ่ม4', '669000', '839000', '540000', '670000', '490000', '600000', '440000', '540000', '400000', '490000', '360000', '440000', '320000', '400000', '290000', '360000', '260000', '320000', '230000', '290000', '210000', '260000', '190000', '230000', '170000', '210000', '150000', '190000', '140000', '170000', '130000', '150000', '50'),
(51, '3', '4', '1101', 'กลุ่ม4', '759000', '839000', '610000', '670000', '550000', '600000', '500000', '540000', '450000', '490000', '410000', '440000', '370000', '400000', '330000', '360000', '300000', '320000', '270000', '290000', '240000', '260000', '220000', '230000', '200000', '210000', '180000', '190000', '160000', '170000', '140000', '150000', '51'),
(52, '3', '4', '1101', 'กลุ่ม4', '0', '', '0', '0', '0', '0', '0', '0', '330000', '360000', '300000', '320000', '270000', '290000', '240000', '260000', '220000', '230000', '200000', '210000', '180000', '190000', '160000', '170000', '140000', '150000', '130000', '140000', '120000', '130000', '110000', '120000', '52'),
(53, '3', '4', '1101', 'กลุ่ม4', '959000', '1079000', '770000', '860000', '690000', '770000', '620000', '690000', '560000', '620000', '500000', '560000', '450000', '500000', '410000', '450000', '370000', '410000', '330000', '370000', '300000', '330000', '270000', '300000', '240000', '270000', '220000', '240000', '200000', '220000', '180000', '200000', '53'),
(54, '3', '3', '1102', 'กลุ่ม3 ทั่วไป', '999000', '1099000', '800000', '880000', '720000', '790000', '650000', '710000', '590000', '640000', '530000', '580000', '480000', '520000', '430000', '470000', '390000', '420000', '350000', '380000', '320000', '340000', '290000', '310000', '260000', '280000', '230000', '250000', '210000', '230000', '190000', '210000', '54'),
(55, '3', '3', '1102', 'กลุ่ม3 ทั่วไป', '0', '', '0', '0', '0', '0', '0', '0', '0', '0', '0', '0', '0', '0', '0', '0', '0', '0', '350000', '420000', '310000', '390000', '280000', '350000', '250000', '320000', '230000', '290000', '210000', '260000', '190000', '230000', '55'),
(56, '3', '3', '1102', 'กลุ่ม3 ทั่วไป', '1269000', '1269000', '1000000', '1100000', '900000', '990000', '810000', '890000', '730000', '800000', '660000', '720000', '590000', '650000', '530000', '590000', '480000', '530000', '430000', '480000', '390000', '430000', '350000', '390000', '320000', '350000', '290000', '320000', '260000', '290000', '230000', '260000', '56'),
(57, '3', '3', '1102', 'กลุ่ม3 ทั่วไป', '1459000', '1599000', '1200000', '1400000', '1100000', '1300000', '990000', '1200000', '890000', '1100000', '800000', '990000', '720000', '890000', '650000', '800000', '590000', '720000', '530000', '650000', '480000', '590000', '430000', '530000', '390000', '480000', '350000', '430000', '320000', '390000', '290000', '350000', '57'),
(58, '3', '3', '1102', 'กลุ่ม3 ทั่วไป', '989000', '1169000', '0', '0', '710000', '850000', '640000', '770000', '580000', '690000', '520000', '620000', '470000', '560000', '420000', '500000', '380000', '450000', '340000', '410000', '310000', '370000', '280000', '330000', '250000', '300000', '230000', '270000', '210000', '240000', '190000', '220000', '58'),
(59, '3', '3', '1102', 'กลุ่ม3 ทั่วไป', '1269000', '1269000', '0', '0', '900000', '990000', '810000', '890000', '730000', '800000', '660000', '720000', '590000', '650000', '530000', '590000', '480000', '530000', '430000', '480000', '390000', '430000', '350000', '390000', '320000', '350000', '290000', '320000', '260000', '290000', '230000', '260000', '59'),
(60, '3', '3', '1101', 'กลุ่ม3 ทั่วไป', '1350000', '1350000', '1100000', '1150000', '490000', '610000', '440000', '550000', '400000', '500000', '360000', '450000', '320000', '410000', '290000', '370000', '260000', '330000', '230000', '300000', '210000', '270000', '190000', '240000', '170000', '220000', '150000', '200000', '140000', '180000', '130000', '160000', '60'),
(61, '3', '3', '1102', 'Pickup4ประตู', '909000', '1265000', '730000', '1010000', '660000', '900000', '590000', '810000', '530000', '730000', '480000', '660000', '430000', '590000', '390000', '530000', '350000', '480000', '320000', '430000', '290000', '390000', '260000', '350000', '230000', '320000', '210000', '290000', '190000', '260000', '170000', '230000', '61'),
(62, '3', '3', '1102', 'Pickup4ประตู', '689000', '879000', '550000', '700000', '500000', '630000', '450000', '570000', '410000', '510000', '370000', '460000', '330000', '410000', '300000', '370000', '270000', '330000', '240000', '300000', '220000', '270000', '200000', '240000', '180000', '220000', '160000', '200000', '140000', '180000', '130000', '160000', '62'),
(63, '3', '3', '1102', 'Pickup4ประตู', '1019000', '1139000', '820000', '910000', '740000', '820000', '670000', '740000', '600000', '670000', '540000', '600000', '490000', '540000', '440000', '490000', '400000', '440000', '360000', '400000', '320000', '360000', '290000', '320000', '260000', '290000', '230000', '260000', '210000', '230000', '190000', '210000', '63'),
(64, '3', '2', '1102', 'กลุ่ม2', '1699000', '1699000', '1350000', '1450000', '1200000', '1300000', '1100000', '1200000', '990000', '1100000', '890000', '990000', '800000', '890000', '720000', '800000', '650000', '720000', '590000', '650000', '530000', '590000', '480000', '530000', '430000', '480000', '390000', '430000', '350000', '390000', '320000', '350000', '64'),
(65, '3', '-', '3201', 'Pickupบรรทุก', '589000', '799000', '470000', '640000', '420000', '580000', '380000', '520000', '340000', '470000', '310000', '420000', '280000', '380000', '250000', '340000', '230000', '310000', '210000', '280000', '190000', '250000', '170000', '230000', '150000', '210000', '140000', '190000', '130000', '170000', '120000', '150000', '65'),
(66, '3', '-', '3201', 'Pickupบรรทุก', '528000', '649000', '420000', '520000', '380000', '470000', '340000', '420000', '310000', '380000', '280000', '340000', '250000', '310000', '230000', '280000', '210000', '250000', '190000', '230000', '170000', '210000', '150000', '190000', '140000', '170000', '130000', '150000', '120000', '140000', '110000', '130000', '66'),
(67, '3', '-', '3201', 'Pickupบรรทุก', '749000', '749000', '600000', '640000', '540000', '580000', '490000', '520000', '440000', '470000', '400000', '420000', '360000', '380000', '320000', '340000', '290000', '310000', '260000', '280000', '230000', '250000', '210000', '230000', '190000', '210000', '170000', '190000', '150000', '170000', '140000', '150000', '67'),
(68, '3', '-', '3201', 'Pickupบรรทุก', '889000', '889000', '710000', '800000', '640000', '720000', '580000', '650000', '520000', '590000', '470000', '530000', '420000', '480000', '380000', '430000', '340000', '390000', '310000', '350000', '280000', '320000', '250000', '290000', '230000', '260000', '210000', '230000', '190000', '210000', '170000', '190000', '68'),
(69, '3', '-', '3201', 'Pickupบรรทุก', '599000', '799000', '480000', '640000', '430000', '580000', '390000', '520000', '350000', '470000', '320000', '420000', '290000', '380000', '260000', '340000', '230000', '310000', '210000', '280000', '190000', '250000', '170000', '230000', '150000', '210000', '140000', '190000', '130000', '170000', '120000', '150000', '69'),
(70, '3', '-', '3201', 'Pickupบรรทุก', '859000', '859000', '690000', '730000', '620000', '660000', '560000', '590000', '500000', '530000', '450000', '480000', '410000', '430000', '370000', '390000', '330000', '350000', '300000', '320000', '270000', '290000', '240000', '260000', '220000', '230000', '200000', '210000', '180000', '190000', '160000', '170000', '70'),
(71, '3', '2', '1102', 'กลุ่ม2', '2990000', '2990000', '0', '0', '2200000', '2300000', '2000000', '2100000', '1800000', '1900000', '1600000', '1700000', '1400000', '1500000', '1300000', '1400000', '1200000', '1300000', '1100000', '1200000', '1000000', '1100000', '900000', '1000000', '810000', '900000', '730000', '810000', '660000', '730000', '590000', '660000', '71'),
(72, '3', '5', '1101', 'Honda กลุ่ม5 ', '597000', '739000', '480000', '590000', '430000', '530000', '390000', '480000', '350000', '430000', '320000', '390000', '290000', '350000', '260000', '320000', '230000', '290000', '210000', '260000', '190000', '230000', '170000', '210000', '150000', '190000', '140000', '170000', '130000', '150000', '120000', '140000', '72'),
(73, '1', '5', '1101', 'HONDA Eco', '436500', '533500', '350000', '430000', '320000', '390000', '290000', '350000', '260000', '320000', '230000', '290000', '210000', '260000', '190000', '230000', '170000', '210000', '150000', '190000', '140000', '170000', '130000', '150000', '120000', '140000', '110000', '130000', '100000', '120000', '90000', '110000', '73'),
(74, '1', '5', '1101', 'Honda กลุ่ม5 ', '555000', '754000', '440000', '600000', '400000', '540000', '360000', '490000', '320000', '440000', '290000', '400000', '260000', '360000', '230000', '320000', '210000', '290000', '190000', '260000', '170000', '230000', '150000', '210000', '140000', '190000', '130000', '170000', '120000', '150000', '110000', '140000', '74'),
(75, '1', '5', '1101', 'Honda กลุ่ม5 ', '768000', '768000', '0', '0', '510000', '560000', '460000', '500000', '420000', '450000', '380000', '400000', '340000', '360000', '310000', '330000', '280000', '300000', '250000', '270000', '0', '0', '0', '0', '0', '0', '0', '0', '0', '0', '0', '0', '75'),
(76, '1', '5', '1101', 'Honda กลุ่ม5 ', '559000', '749000', '450000', '600000', '410000', '540000', '370000', '490000', '330000', '440000', '300000', '400000', '270000', '360000', '240000', '320000', '220000', '290000', '200000', '260000', '180000', '230000', '160000', '210000', '140000', '190000', '130000', '170000', '120000', '150000', '110000', '140000', '76'),
(77, '1', '5', '1101', 'Honda กลุ่ม5 ', '612000', '711000', '490000', '570000', '440000', '510000', '400000', '460000', '360000', '410000', '320000', '370000', '290000', '330000', '260000', '300000', '230000', '270000', '210000', '240000', '190000', '220000', '170000', '200000', '150000', '180000', '140000', '160000', '130000', '140000', '120000', '130000', '77'),
(78, '1', '5', '1101', 'Honda กลุ่ม5 ', '1350000', '1350000', '1100000', '1150000', '430000', '540000', '390000', '490000', '350000', '440000', '320000', '400000', '290000', '360000', '260000', '320000', '230000', '290000', '210000', '260000', '190000', '230000', '170000', '210000', '150000', '190000', '140000', '170000', '130000', '150000', '120000', '140000', '78'),
(79, '1', '3', '1101', 'Honda', '780000', '990000', '620000', '790000', '560000', '710000', '500000', '640000', '450000', '580000', '410000', '520000', '370000', '470000', '330000', '420000', '300000', '380000', '270000', '340000', '240000', '310000', '220000', '280000', '200000', '250000', '180000', '230000', '160000', '210000', '140000', '190000', '79'),
(80, '1', '3', '1101', 'Honda', '1145000', '1145000', '920000', '1000000', '830000', '900000', '750000', '810000', '680000', '730000', '610000', '660000', '550000', '590000', '500000', '530000', '450000', '480000', '410000', '430000', '370000', '390000', '330000', '350000', '300000', '320000', '270000', '290000', '240000', '260000', '220000', '230000', '80'),
(81, '1', '3', '1101', 'Honda', '1035000', '1095000', '830000', '880000', '750000', '790000', '680000', '710000', '610000', '640000', '550000', '580000', '500000', '520000', '450000', '470000', '410000', '420000', '370000', '380000', '330000', '340000', '300000', '310000', '270000', '280000', '240000', '250000', '220000', '230000', '200000', '210000', '81'),
(82, '1', '3', '1101', 'Honda', '1104000', '1219000', '880000', '980000', '790000', '880000', '710000', '790000', '640000', '710000', '580000', '640000', '520000', '580000', '470000', '520000', '420000', '470000', '380000', '420000', '340000', '380000', '310000', '340000', '280000', '310000', '250000', '280000', '230000', '250000', '210000', '230000', '82'),
(83, '1', '4', '1101', 'Honda', '834000', '959000', '670000', '770000', '600000', '690000', '540000', '620000', '490000', '560000', '440000', '500000', '400000', '450000', '360000', '410000', '320000', '370000', '290000', '330000', '260000', '300000', '230000', '270000', '210000', '240000', '190000', '220000', '170000', '200000', '150000', '180000', '83'),
(84, '1', '4', '1101', 'Honda', '0', '0', '0', '0', '600000', '700000', '540000', '630000', '-', '-', '-', '-', '-', '-', '-', '-', '-', '-', '-', '-', '-', '-', '-', '-', '-', '-', '-', '-', '-', '-', '-', '-', '84'),
(85, '1', '3', '1101', 'Honda', '1299000', '1419000', '1000000', '1100000', '900000', '990000', '810000', '890000', '730000', '800000', '660000', '720000', '590000', '650000', '530000', '590000', '480000', '530000', '430000', '480000', '390000', '430000', '350000', '390000', '320000', '350000', '290000', '320000', '260000', '290000', '230000', '260000', '85'),
(86, '1', '3', '1101', 'Honda', '1659000', '1899000', '1300000', '1500000', '1200000', '1400000', '1100000', '1300000', '990000', '1200000', '890000', '1100000', '800000', '990000', '720000', '890000', '650000', '800000', '590000', '720000', '530000', '650000', '480000', '590000', '430000', '530000', '390000', '480000', '350000', '430000', '320000', '390000', '86'),
(87, '1', '3', '1102', 'Honda', '1549000', '1799000', '1200000', '1400000', '1100000', '1300000', '990000', '1200000', '890000', '1100000', '800000', '990000', '720000', '890000', '650000', '800000', '590000', '720000', '530000', '650000', '480000', '590000', '430000', '530000', '390000', '480000', '350000', '430000', '320000', '390000', '290000', '350000', '87'),
(88, '1', '3', '1102', 'Honda', '1648000', '1648000', '0', '0', '0', '0', '0', '0', '0', '0', '0', '0', '0', '0', '0', '0', '0', '0', '560000', '590000', '500000', '530000', '450000', '480000', '410000', '430000', '370000', '390000', '330000', '350000', '300000', '320000', '88'),
(89, '1', '3', '1102', 'Honda', '2940000', '2940000', '0', '0', '0', '0', '1600000', '1700000', '1400000', '1500000', '1300000', '1400000', '1200000', '1300000', '1100000', '1200000', '990000', '1100000', '890000', '990000', '800000', '890000', '720000', '800000', '650000', '720000', '590000', '650000', '530000', '590000', '480000', '530000', '89'),
(90, '1', '3', '1101', 'Honda', '890000', '1045000', '710000', '840000', '640000', '760000', '580000', '680000', '520000', '610000', '470000', '550000', '420000', '500000', '380000', '450000', '340000', '410000', '310000', '370000', '280000', '330000', '250000', '300000', '230000', '270000', '210000', '240000', '190000', '220000', '170000', '200000', '90'),
(91, '1', '3', '1101', 'suv', '1200000', '1325000', '1000000', '1100000', '900000', '990000', '810000', '890000', '730000', '800000', '660000', '720000', '590000', '650000', '530000', '590000', '480000', '530000', '430000', '480000', '390000', '430000', '350000', '390000', '320000', '350000', '290000', '320000', '260000', '290000', '230000', '260000', '91'),
(92, '1', '3', '1102', 'suv', '1495000', '1580000', '1200000', '1300000', '1100000', '1200000', '990000', '1100000', '890000', '990000', '800000', '890000', '720000', '800000', '650000', '720000', '590000', '650000', '530000', '590000', '480000', '530000', '430000', '480000', '390000', '430000', '350000', '390000', '320000', '350000', '290000', '320000', '92'),
(93, '1', '2', '1101', 'กลุ่ม2', '1975000', '1975000', '0', '0', '1300000', '1350000', '1200000', '1200000', '1100000', '1100000', '990000', '990000', '890000', '890000', '800000', '800000', '720000', '720000', '650000', '650000', '590000', '590000', '530000', '530000', '480000', '480000', '430000', '430000', '390000', '390000', '350000', '350000', '93'),
(94, '1', '2', '1102', 'กลุ่ม2', '2750000', '2950000', '0', '0', '1800000', '1900000', '1600000', '1700000', '1400000', '1500000', '1300000', '1400000', '1200000', '1300000', '1100000', '1200000', '990000', '1100000', '890000', '990000', '800000', '890000', '720000', '800000', '650000', '720000', '590000', '650000', '530000', '590000', '480000', '530000', '94'),
(95, '1', '2', '1101', 'กลุ่ม2', '1899000', '1959000', '0', '0', '1200000', '1250000', '1100000', '1100000', '990000', '990000', '890000', '890000', '800000', '800000', '720000', '720000', '650000', '650000', '590000', '590000', '530000', '530000', '480000', '480000', '430000', '430000', '390000', '390000', '350000', '350000', '320000', '320000', '95'),
(96, '1', '-', '3201', 'Isuzu Pickup', '497000', '572000', '400000', '460000', '360000', '410000', '320000', '370000', '290000', '330000', '260000', '300000', '230000', '270000', '210000', '240000', '190000', '220000', '170000', '200000', '150000', '180000', '140000', '160000', '130000', '140000', '120000', '130000', '110000', '120000', '100000', '110000', '96'),
(97, '2', '-', '3201', 'Isuzu Pickup', '480000', '618000', '380000', '490000', '340000', '440000', '310000', '400000', '280000', '360000', '250000', '320000', '230000', '290000', '210000', '260000', '190000', '230000', '170000', '210000', '150000', '190000', '140000', '170000', '130000', '150000', '120000', '140000', '110000', '130000', '100000', '120000', '97'),
(98, '2', '-', '3201', 'Isuzu Pickup', '548000', '548000', '440000', '470000', '400000', '420000', '360000', '380000', '320000', '340000', '290000', '310000', '260000', '280000', '230000', '250000', '210000', '230000', '190000', '210000', '170000', '190000', '150000', '170000', '140000', '150000', '130000', '140000', '120000', '130000', '110000', '120000', '98'),
(99, '2', '-', '3201', 'Isuzu Pickup', '595000', '719000', '480000', '580000', '430000', '520000', '390000', '470000', '350000', '420000', '320000', '380000', '290000', '340000', '260000', '310000', '230000', '280000', '210000', '250000', '190000', '230000', '170000', '210000', '150000', '190000', '140000', '170000', '130000', '150000', '120000', '140000', '99'),
(100, '2', '-', '3201', 'Isuzu Pickup', '582000', '703000', '470000', '560000', '420000', '500000', '380000', '450000', '340000', '410000', '310000', '370000', '280000', '330000', '250000', '300000', '230000', '270000', '210000', '240000', '190000', '220000', '170000', '200000', '150000', '180000', '140000', '160000', '130000', '140000', '120000', '130000', '100'),
(101, '2', '-', '3201', 'Isuzu Pickup', '700000', '875000', '560000', '700000', '500000', '630000', '450000', '570000', '410000', '510000', '370000', '460000', '330000', '410000', '300000', '370000', '270000', '330000', '240000', '300000', '220000', '270000', '200000', '240000', '180000', '220000', '160000', '200000', '140000', '180000', '130000', '160000', '101'),
(102, '2', '-', '3201', 'Isuzu Pickup', '688000', '823000', '550000', '660000', '500000', '590000', '450000', '530000', '410000', '480000', '370000', '430000', '330000', '390000', '300000', '350000', '270000', '320000', '240000', '290000', '220000', '260000', '200000', '230000', '180000', '210000', '160000', '190000', '140000', '170000', '130000', '150000', '102'),
(103, '2', '-', '3201', 'Isuzu Pickup', '823000', '823000', '660000', '700000', '590000', '630000', '530000', '570000', '480000', '510000', '430000', '460000', '390000', '410000', '350000', '370000', '320000', '330000', '290000', '300000', '260000', '270000', '230000', '240000', '210000', '220000', '190000', '200000', '170000', '180000', '150000', '160000', '103'),
(104, '2', '-', '3201', 'Isuzu Pickup', '732000', '732000', '590000', '620000', '530000', '560000', '480000', '500000', '430000', '450000', '390000', '410000', '350000', '370000', '320000', '330000', '290000', '300000', '260000', '270000', '230000', '240000', '210000', '220000', '190000', '200000', '170000', '180000', '150000', '160000', '140000', '150000', '104'),
(105, '2', '-', '3201', 'Isuzu Pickup', '858000', '858000', '690000', '710000', '620000', '640000', '560000', '580000', '500000', '520000', '450000', '470000', '410000', '420000', '370000', '380000', '330000', '340000', '300000', '310000', '270000', '280000', '240000', '250000', '220000', '230000', '200000', '210000', '180000', '190000', '160000', '170000', '105'),
(106, '2', '-', '3201', 'Isuzu Pickup', '749000', '842000', '600000', '670000', '540000', '600000', '490000', '540000', '440000', '490000', '400000', '440000', '360000', '400000', '320000', '360000', '290000', '320000', '260000', '290000', '230000', '260000', '210000', '230000', '190000', '210000', '170000', '190000', '150000', '170000', '140000', '150000', '106'),
(107, '2', '-', '3201', 'Isuzu Pickup', '714000', '794000', '570000', '640000', '510000', '580000', '460000', '520000', '410000', '470000', '370000', '420000', '330000', '380000', '300000', '340000', '270000', '310000', '240000', '280000', '220000', '250000', '200000', '230000', '180000', '210000', '160000', '190000', '140000', '170000', '130000', '150000', '107'),
(108, '2', '3', '1101', 'Isuzu Pickup', '676000', '813000', '540000', '650000', '490000', '590000', '440000', '530000', '400000', '480000', '360000', '430000', '320000', '390000', '290000', '350000', '260000', '320000', '230000', '290000', '210000', '260000', '190000', '230000', '170000', '210000', '150000', '190000', '140000', '170000', '130000', '150000', '108'),
(109, '2', '3', '1102', 'Isuzu Pickup', '660000', '787000', '530000', '630000', '480000', '570000', '430000', '510000', '390000', '460000', '350000', '410000', '320000', '370000', '290000', '330000', '260000', '300000', '230000', '270000', '210000', '240000', '190000', '220000', '170000', '200000', '150000', '180000', '140000', '160000', '130000', '140000', '109'),
(110, '2', '3', '1101', 'Isuzu Pickup', '803000', '999000', '640000', '800000', '580000', '720000', '520000', '650000', '470000', '590000', '420000', '530000', '380000', '480000', '340000', '430000', '310000', '390000', '280000', '350000', '250000', '320000', '230000', '290000', '210000', '260000', '190000', '230000', '170000', '210000', '150000', '190000', '110'),
(111, '2', '3', '1102', 'Isuzu Pickup', '808000', '908000', '650000', '730000', '590000', '660000', '530000', '590000', '480000', '530000', '430000', '480000', '390000', '430000', '350000', '390000', '320000', '350000', '290000', '320000', '260000', '290000', '230000', '260000', '210000', '230000', '190000', '210000', '170000', '190000', '150000', '170000', '111'),
(112, '2', '3', '1102', 'Isuzu Pickup', '902000', '954000', '720000', '760000', '650000', '680000', '590000', '610000', '530000', '550000', '480000', '500000', '430000', '450000', '390000', '410000', '350000', '370000', '320000', '330000', '290000', '300000', '260000', '270000', '230000', '240000', '210000', '220000', '190000', '200000', '170000', '180000', '112'),
(113, '2', '3', '1102', 'Isuzu Pickup', '843000', '940000', '670000', '750000', '600000', '680000', '540000', '610000', '490000', '550000', '440000', '500000', '400000', '450000', '360000', '410000', '320000', '370000', '290000', '330000', '260000', '300000', '230000', '270000', '210000', '240000', '190000', '220000', '170000', '200000', '150000', '180000', '113'),
(114, '2', '3', '1102', 'Isuzu Pickup', '972000', '1024000', '780000', '820000', '700000', '740000', '630000', '670000', '570000', '600000', '510000', '540000', '460000', '490000', '410000', '440000', '370000', '400000', '330000', '360000', '300000', '320000', '270000', '290000', '240000', '260000', '220000', '230000', '200000', '210000', '180000', '190000', '114'),
(115, '2', '3', '1101', 'Isuzu Pickup', '941000', '966000', '750000', '770000', '680000', '690000', '610000', '620000', '550000', '560000', '500000', '500000', '450000', '450000', '410000', '410000', '370000', '370000', '330000', '330000', '300000', '300000', '270000', '270000', '240000', '240000', '220000', '220000', '200000', '200000', '180000', '180000', '115'),
(116, '2', '3', '1102', 'Isuzu Pickup', '869000', '972000', '700000', '780000', '630000', '700000', '570000', '630000', '510000', '570000', '460000', '510000', '410000', '460000', '370000', '410000', '330000', '370000', '300000', '330000', '270000', '300000', '240000', '270000', '220000', '240000', '200000', '220000', '180000', '200000', '160000', '180000', '116'),
(117, '2', '3', '1102', 'suv', '1013000', '1333000', '0', '0', '730000', '960000', '660000', '860000', '590000', '770000', '530000', '690000', '480000', '620000', '430000', '560000', '390000', '500000', '350000', '450000', '320000', '410000', '290000', '370000', '260000', '330000', '230000', '300000', '210000', '270000', '190000', '240000', '117'),
(118, '2', '3', '1101', 'suv', '1099000', '1354000', '880000', '1100000', '790000', '1000000', '710000', '900000', '640000', '810000', '580000', '730000', '520000', '660000', '470000', '590000', '420000', '530000', '380000', '480000', '340000', '430000', '310000', '390000', '280000', '350000', '250000', '320000', '230000', '290000', '210000', '260000', '118'),
(119, '2', '3', '1102', 'suv', '1044000', '1269000', '840000', '1000000', '760000', '900000', '680000', '810000', '610000', '730000', '550000', '660000', '500000', '590000', '450000', '530000', '410000', '480000', '370000', '430000', '330000', '390000', '300000', '350000', '270000', '320000', '240000', '290000', '220000', '260000', '200000', '230000', '119'),
(120, '2', '3', '1102', 'suv', '1419000', '1419000', '1100000', '1200000', '990000', '1100000', '890000', '990000', '800000', '890000', '720000', '800000', '650000', '720000', '590000', '650000', '530000', '590000', '480000', '530000', '430000', '480000', '390000', '430000', '350000', '390000', '320000', '350000', '290000', '320000', '260000', '290000', '120'),
(121, '2', '2', '1101', 'กลุ่ม2', '1999000', '3040000', '1600000', '2400000', '1400000', '2200000', '1300000', '2000000', '1200000', '1800000', '1100000', '1600000', '1000000', '1400000', '900000', '1300000', '810000', '1200000', '730000', '1100000', '660000', '1000000', '0', '', '0', '', '0', '', '0', '', '0', '', '121'),
(122, '2', '2', '1102', 'กลุ่ม2', '3040000', '4040000', '2400000', '3200000', '2200000', '2900000', '2000000', '2600000', '1800000', '2300000', '1600000', '2100000', '1400000', '1900000', '1300000', '1700000', '1200000', '1500000', '1100000', '1400000', '1000000', '1300000', '0', '', '0', '', '0', '', '0', '', '0', '', '122'),
(123, '17', '2', '1102', 'กลุ่ม2', '2930000', '3990000', '2300000', '3200000', '2100000', '2900000', '1900000', '2600000', '1700000', '2300000', '1500000', '2100000', '1400000', '1900000', '1300000', '1700000', '1200000', '1500000', '1100000', '1400000', '1000000', '1300000', '0', '', '0', '', '0', '', '0', '', '0', '', '123'),
(124, '17', '5', '1101', 'กลุ่ม5', '550000', '665000', '440000', '530000', '400000', '480000', '360000', '430000', '320000', '390000', '290000', '350000', '260000', '320000', '230000', '290000', '210000', '260000', '190000', '230000', '170000', '210000', '150000', '190000', '140000', '170000', '130000', '150000', '120000', '140000', '110000', '130000', '124'),
(125, '17', '5', '1101', 'กลุ่ม5', '790000', '550000', '630000', '440000', '570000', '400000', '510000', '360000', '460000', '320000', '410000', '290000', '370000', '260000', '330000', '230000', '300000', '210000', '270000', '190000', '240000', '170000', '220000', '150000', '200000', '140000', '180000', '130000', '160000', '120000', '140000', '110000', '125'),
(126, '10', '5', '1101', 'กลุ่ม5', '675000', '790000', '540000', '630000', '490000', '570000', '440000', '510000', '400000', '460000', '360000', '410000', '320000', '370000', '290000', '330000', '260000', '300000', '230000', '270000', '210000', '240000', '190000', '220000', '170000', '200000', '150000', '180000', '140000', '160000', '130000', '140000', '126'),
(127, '10', '3', '1101', 'กลุ่ม3 ทั่วไป', '869000', '880000', '0', '0', '600000', '630000', '540000', '570000', '490000', '510000', '440000', '460000', '400000', '410000', '360000', '370000', '320000', '330000', '290000', '300000', '260000', '270000', '230000', '240000', '210000', '220000', '190000', '200000', '170000', '180000', '150000', '160000', '127'),
(128, '10', '3', '1101', 'กลุ่ม3 ทั่วไป', '833000', '1094000', '670000', '880000', '600000', '790000', '540000', '710000', '490000', '640000', '440000', '580000', '400000', '520000', '360000', '470000', '320000', '420000', '290000', '380000', '260000', '340000', '230000', '310000', '210000', '280000', '190000', '250000', '170000', '230000', '150000', '210000', '128'),
(129, '10', '3', '1101', 'กลุ่ม3 ทั่วไป', '1350000', '1350000', '1100000', '1150000', '830000', '830000', '750000', '750000', '680000', '680000', '610000', '610000', '550000', '550000', '500000', '500000', '450000', '450000', '410000', '410000', '370000', '370000', '330000', '330000', '300000', '300000', '270000', '270000', '240000', '240000', '220000', '220000', '129'),
(130, '10', '3', '1101', 'กลุ่ม3 ทั่วไป', '479000', '595000', '380000', '480000', '600000', '760000', '540000', '680000', '490000', '610000', '440000', '550000', '400000', '500000', '360000', '450000', '320000', '410000', '290000', '370000', '260000', '330000', '230000', '300000', '210000', '270000', '190000', '240000', '170000', '220000', '150000', '200000', '130'),
(131, '10', '3', '1102', 'Pickup4ประตู', '652000', '893000', '520000', '710000', '470000', '640000', '420000', '580000', '380000', '520000', '340000', '470000', '310000', '420000', '280000', '380000', '250000', '340000', '230000', '310000', '210000', '280000', '190000', '250000', '170000', '230000', '150000', '210000', '140000', '190000', '130000', '170000', '131'),
(132, '10', '3', '1102', 'Pickup4ประตู', '996000', '1023000', '800000', '820000', '720000', '740000', '650000', '670000', '590000', '600000', '530000', '540000', '480000', '490000', '430000', '440000', '390000', '400000', '350000', '360000', '320000', '330000', '290000', '300000', '260000', '270000', '230000', '240000', '210000', '220000', '190000', '200000', '132'),
(133, '10', '-', '3201', 'Pickupบรรทุก', '561000', '561000', '450000', '480000', '410000', '430000', '370000', '390000', '330000', '350000', '300000', '320000', '270000', '290000', '240000', '260000', '220000', '230000', '200000', '210000', '180000', '190000', '160000', '170000', '140000', '150000', '130000', '140000', '120000', '130000', '110000', '120000', '133'),
(134, '10', '-', '3201', 'Pickupบรรทุก', '612000', '741000', '490000', '590000', '440000', '530000', '400000', '480000', '360000', '430000', '320000', '390000', '290000', '350000', '260000', '320000', '230000', '290000', '210000', '260000', '190000', '230000', '170000', '210000', '150000', '190000', '140000', '170000', '130000', '150000', '120000', '140000', '134'),
(135, '10', '3', '1101', 'suv', '1200000', '1300000', '960000', '1050000', '860000', '950000', '770000', '860000', '690000', '770000', '620000', '690000', '560000', '620000', '500000', '560000', '450000', '500000', '410000', '450000', '370000', '410000', '330000', '370000', '300000', '330000', '270000', '300000', '240000', '270000', '220000', '240000', '135'),
(136, '10', '3', '1102', 'suv', '1440000', '1440000', '1150000', '1200000', '1000000', '1100000', '900000', '990000', '810000', '890000', '730000', '800000', '660000', '720000', '590000', '650000', '530000', '590000', '480000', '530000', '430000', '480000', '390000', '430000', '350000', '390000', '320000', '350000', '290000', '320000', '260000', '290000', '136'),
(137, '10', '3', '1102', 'suv', '1670000', '1670000', '1300000', '1400000', '1200000', '1300000', '1100000', '1200000', '990000', '1100000', '890000', '990000', '800000', '890000', '720000', '800000', '650000', '720000', '590000', '650000', '530000', '590000', '480000', '530000', '430000', '480000', '390000', '430000', '350000', '390000', '320000', '350000', '137'),
(138, '10', '3', '1101', 'กลุ่ม3 ทั่วไป', '918000', '1128000', '730000', '900000', '660000', '810000', '590000', '730000', '530000', '660000', '480000', '590000', '430000', '530000', '390000', '480000', '350000', '430000', '320000', '390000', '290000', '350000', '260000', '320000', '230000', '290000', '210000', '260000', '190000', '230000', '170000', '210000', '138'),
(139, '13', '3', '1101', 'กลุ่ม3 ทั่วไป', '679000', '789000', '540000', '630000', '490000', '570000', '440000', '510000', '400000', '460000', '360000', '410000', '320000', '370000', '290000', '330000', '260000', '300000', '230000', '270000', '210000', '240000', '190000', '220000', '170000', '200000', '150000', '180000', '140000', '160000', '130000', '140000', '139'),
(140, '13', '3', '1101', 'กลุ่ม3 ทั่วไป', '1350000', '1350000', '1100000', '1150000', '640000', '710000', '580000', '640000', '520000', '580000', '470000', '520000', '420000', '470000', '380000', '420000', '340000', '380000', '310000', '340000', '280000', '310000', '250000', '280000', '230000', '250000', '210000', '230000', '190000', '210000', '170000', '190000', '140'),
(141, '13', '5', '1101', 'กลุ่ม5', '479000', '595000', '380000', '480000', '340000', '430000', '310000', '390000', '280000', '350000', '250000', '320000', '230000', '290000', '210000', '260000', '190000', '230000', '170000', '210000', '150000', '190000', '140000', '170000', '130000', '150000', '120000', '140000', '110000', '130000', '100000', '120000', '141'),
(142, '13', '5', '1101', 'กลุ่ม5', '479000', '595000', '380000', '480000', '470000', '550000', '420000', '500000', '380000', '450000', '340000', '410000', '310000', '370000', '280000', '330000', '250000', '300000', '230000', '270000', '210000', '240000', '190000', '220000', '170000', '200000', '150000', '180000', '140000', '160000', '130000', '140000', '142');
INSERT INTO `car_info` (`id`, `brand_ID`, `group`, `car_code`, `cpg`, `min0`, `max0`, `min1`, `max1`, `min2`, `max2`, `min3`, `max3`, `min4`, `max4`, `min5`, `max5`, `min6`, `max6`, `min7`, `max7`, `min8`, `max8`, `min9`, `max9`, `min10`, `max10`, `min11`, `max11`, `min12`, `max12`, `min13`, `max13`, `min14`, `max14`, `min15`, `max15`, `Model_ID`) VALUES
(143, '13', '5', '1101', 'Eco', '383000', '552000', '310000', '440000', '280000', '400000', '250000', '360000', '230000', '320000', '210000', '290000', '190000', '260000', '170000', '230000', '150000', '210000', '140000', '190000', '130000', '170000', '120000', '150000', '110000', '140000', '100000', '130000', '90000', '120000', '80000', '110000', '143'),
(144, '8', '5', '1101', 'Eco', '443000', '582000', '350000', '470000', '320000', '420000', '290000', '380000', '260000', '340000', '230000', '310000', '210000', '280000', '190000', '250000', '170000', '230000', '150000', '210000', '140000', '190000', '130000', '170000', '120000', '150000', '110000', '140000', '100000', '130000', '90000', '120000', '144'),
(145, '8', '4', '1101', 'กลุ่ม4', '0', '0', '0', '0', '0', '0', '0', '0', '290000', '330000', '260000', '300000', '230000', '270000', '210000', '240000', '190000', '220000', '170000', '200000', '150000', '180000', '140000', '160000', '130000', '140000', '120000', '130000', '110000', '120000', '100000', '110000', '145'),
(146, '8', '4', '1101', 'กลุ่ม4', '799000', '899000', '640000', '720000', '580000', '650000', '520000', '0', '470000', '530000', '420000', '480000', '380000', '430000', '340000', '390000', '310000', '350000', '280000', '320000', '250000', '290000', '230000', '260000', '210000', '230000', '190000', '210000', '170000', '190000', '150000', '170000', '146'),
(147, '8', '4', '1101', 'กลุ่ม4', '1054000', '1054000', '840000', '900000', '760000', '810000', '680000', '730000', '610000', '660000', '550000', '590000', '500000', '530000', '450000', '480000', '410000', '430000', '370000', '390000', '330000', '350000', '300000', '320000', '270000', '290000', '240000', '260000', '220000', '230000', '200000', '210000', '147'),
(148, '8', '4', '1101', 'กลุ่ม4', '779000', '849000', '620000', '680000', '560000', '610000', '500000', '550000', '450000', '500000', '410000', '450000', '370000', '410000', '330000', '370000', '300000', '330000', '270000', '300000', '240000', '270000', '220000', '240000', '200000', '220000', '180000', '200000', '160000', '180000', '140000', '160000', '148'),
(149, '8', '3', '1102', 'suv', '1031000', '1397000', '0', '0', '710000', '960000', '640000', '860000', '580000', '770000', '520000', '690000', '470000', '620000', '420000', '560000', '380000', '500000', '340000', '450000', '310000', '410000', '280000', '370000', '250000', '330000', '230000', '300000', '210000', '270000', '190000', '240000', '149'),
(150, '8', '3', '1102', 'suv', '1305000', '1305000', '0', '0', '900000', '950000', '810000', '860000', '730000', '770000', '660000', '690000', '590000', '620000', '530000', '560000', '480000', '500000', '430000', '450000', '390000', '410000', '350000', '370000', '320000', '330000', '290000', '300000', '260000', '270000', '230000', '240000', '150'),
(151, '8', '3', '1102', 'SUV', '1301000', '1574000', '1050000', '1250000', '950000', '1100000', '860000', '1000000', '770000', '900000', '690000', '810000', '620000', '730000', '560000', '660000', '500000', '590000', '450000', '530000', '410000', '480000', '370000', '430000', '330000', '390000', '300000', '350000', '270000', '320000', '240000', '290000', '151'),
(152, '8', '-', '3201', 'Pickupบรรทุก', '0', '0', '0', '0', '360000', '410000', '320000', '370000', '290000', '330000', '260000', '300000', '230000', '270000', '210000', '240000', '190000', '220000', '170000', '200000', '150000', '180000', '140000', '160000', '130000', '140000', '120000', '130000', '110000', '120000', '100000', '110000', '152'),
(153, '8', '-', '3201', 'Pickupบรรทุก', '475000', '612000', '380000', '490000', '340000', '440000', '310000', '400000', '280000', '360000', '250000', '320000', '230000', '290000', '210000', '260000', '190000', '230000', '170000', '210000', '150000', '190000', '140000', '170000', '130000', '150000', '120000', '140000', '110000', '130000', '100000', '120000', '153'),
(154, '8', '-', '3201', 'Pickupบรรทุก', '0', '0', '0', '0', '460000', '590000', '410000', '530000', '370000', '480000', '330000', '430000', '300000', '390000', '270000', '350000', '240000', '320000', '220000', '290000', '200000', '260000', '180000', '230000', '160000', '210000', '140000', '190000', '130000', '170000', '120000', '150000', '154'),
(155, '8', '-', '3201', 'Pickupบรรทุก', '583000', '686000', '470000', '550000', '420000', '500000', '380000', '450000', '340000', '410000', '310000', '370000', '280000', '330000', '250000', '300000', '230000', '270000', '210000', '240000', '190000', '220000', '170000', '200000', '150000', '180000', '140000', '160000', '130000', '140000', '120000', '130000', '155'),
(156, '8', '-', '3201', 'Pickupบรรทุก', '699000', '818000', '560000', '650000', '500000', '590000', '450000', '530000', '410000', '480000', '370000', '430000', '330000', '390000', '300000', '350000', '270000', '320000', '240000', '290000', '220000', '260000', '200000', '230000', '180000', '210000', '160000', '190000', '140000', '170000', '130000', '150000', '156'),
(157, '8', '3', '1102', 'Pickup4ประตู', '0', '0', '0', '0', '510000', '660000', '460000', '590000', '410000', '530000', '370000', '480000', '330000', '430000', '300000', '390000', '270000', '350000', '240000', '320000', '220000', '290000', '200000', '260000', '180000', '230000', '160000', '210000', '140000', '190000', '130000', '170000', '157'),
(158, '8', '3', '1102', 'Pickup4ประตู', '791000', '1008000', '630000', '810000', '570000', '730000', '510000', '660000', '460000', '590000', '410000', '530000', '370000', '480000', '330000', '430000', '300000', '390000', '270000', '350000', '240000', '320000', '220000', '290000', '200000', '260000', '180000', '230000', '160000', '210000', '140000', '190000', '158'),
(159, '8', '3', '1102', 'กลุ่ม3 ทั่วไป', '1585000', '1700000', '0', '0', '0', '0', '0', '0', '820000', '890000', '740000', '800000', '670000', '720000', '600000', '650000', '540000', '590000', '490000', '530000', '440000', '480000', '400000', '430000', '360000', '390000', '320000', '350000', '290000', '320000', '260000', '290000', '159'),
(160, '8', '2', '1101', 'กลุ่ม2-Benz', '479000', '595000', '380000', '480000', '1300000', '1300000', '1200000', '1200000', '1100000', '1100000', '1000000', '1000000', '900000', '900000', '810000', '810000', '730000', '730000', '660000', '660000', '590000', '590000', '530000', '530000', '480000', '480000', '430000', '430000', '390000', '390000', '350000', '350000', '160'),
(161, '8', '4', '1101', 'กลุ่ม4', '807000', '892000', '650000', '710000', '590000', '640000', '530000', '580000', '480000', '520000', '430000', '470000', '390000', '420000', '350000', '380000', '320000', '340000', '290000', '310000', '260000', '280000', '230000', '250000', '210000', '230000', '190000', '210000', '170000', '190000', '150000', '170000', '161'),
(162, '5', '4', '1101', 'กลุ่ม4', '781000', '877500', '620000', '700000', '560000', '630000', '500000', '570000', '450000', '510000', '410000', '460000', '370000', '410000', '330000', '370000', '300000', '330000', '270000', '300000', '240000', '270000', '220000', '240000', '200000', '220000', '180000', '200000', '160000', '180000', '140000', '160000', '162'),
(163, '5', '4', '1101', 'กลุ่ม4', '930000', '981000', '740000', '780000', '670000', '700000', '600000', '630000', '540000', '570000', '490000', '510000', '440000', '460000', '400000', '410000', '360000', '370000', '320000', '330000', '290000', '300000', '260000', '270000', '230000', '240000', '210000', '220000', '190000', '200000', '170000', '180000', '163'),
(164, '5', '5', '1101', 'Eco', '447000', '558000', '360000', '450000', '320000', '410000', '290000', '370000', '260000', '330000', '230000', '300000', '210000', '270000', '190000', '240000', '170000', '220000', '150000', '200000', '140000', '180000', '130000', '160000', '120000', '140000', '110000', '130000', '100000', '120000', '90000', '110000', '164'),
(165, '5', '5', '1101', 'Eco', '437000', '629000', '350000', '500000', '320000', '450000', '290000', '410000', '260000', '370000', '230000', '330000', '210000', '300000', '190000', '270000', '170000', '240000', '150000', '220000', '140000', '200000', '130000', '180000', '120000', '160000', '110000', '140000', '100000', '130000', '90000', '120000', '165'),
(166, '5', '5', '1101', 'กลุ่ม5', '918000', '1128000', '730000', '900000', '410000', '460000', '370000', '410000', '330000', '370000', '300000', '330000', '270000', '300000', '240000', '270000', '220000', '240000', '200000', '220000', '180000', '200000', '160000', '180000', '100000', '160000', '90000', '140000', '80000', '130000', '70000', '120000', '166'),
(167, '5', '4', '1101', 'กลุ่ม4', '680000', '780000', '540000', '620000', '490000', '560000', '440000', '500000', '400000', '450000', '360000', '410000', '320000', '370000', '290000', '330000', '260000', '300000', '230000', '270000', '210000', '240000', '190000', '220000', '170000', '200000', '150000', '180000', '140000', '160000', '130000', '140000', '167'),
(168, '5', '4', '1101', 'กลุ่ม4', '799000', '799000', '640000', '680000', '580000', '610000', '520000', '550000', '470000', '500000', '420000', '450000', '380000', '410000', '340000', '370000', '310000', '330000', '280000', '300000', '250000', '270000', '230000', '240000', '210000', '220000', '190000', '200000', '170000', '180000', '150000', '160000', '168'),
(169, '5', '4', '1101', 'กลุ่ม4', '751000', '857000', '600000', '690000', '540000', '620000', '490000', '560000', '440000', '500000', '400000', '450000', '360000', '410000', '320000', '370000', '290000', '330000', '260000', '300000', '230000', '270000', '210000', '240000', '190000', '220000', '170000', '200000', '150000', '180000', '140000', '160000', '169'),
(170, '5', '4', '1101', 'กลุ่ม4', '864000', '864000', '690000', '730000', '620000', '660000', '560000', '590000', '500000', '530000', '450000', '480000', '410000', '430000', '370000', '390000', '330000', '350000', '300000', '320000', '270000', '290000', '240000', '260000', '220000', '230000', '200000', '210000', '180000', '190000', '160000', '170000', '170'),
(171, '5', '4', '1101', 'กลุ่ม4', '904000', '936000', '720000', '750000', '650000', '680000', '590000', '610000', '530000', '550000', '480000', '500000', '430000', '450000', '390000', '410000', '350000', '370000', '320000', '330000', '290000', '300000', '260000', '270000', '230000', '240000', '210000', '220000', '190000', '200000', '170000', '180000', '171'),
(172, '5', '4', '1101', 'กลุ่ม4', '479000', '595000', '380000', '480000', '490000', '530000', '440000', '480000', '400000', '430000', '360000', '390000', '320000', '350000', '290000', '320000', '260000', '290000', '230000', '260000', '210000', '230000', '190000', '210000', '170000', '190000', '150000', '170000', '140000', '150000', '130000', '140000', '172'),
(173, '5', '3', '1101', 'กลุ่ม3 ทั่วไป', '1270000', '1380000', '1000000', '1100000', '900000', '990000', '810000', '890000', '730000', '800000', '660000', '720000', '590000', '650000', '530000', '590000', '480000', '530000', '430000', '480000', '390000', '430000', '350000', '390000', '320000', '350000', '290000', '320000', '260000', '290000', '230000', '260000', '173'),
(174, '5', '3', '1102', 'กลุ่ม3 ทั่วไป', '1570000', '1620000', '1250000', '1300000', '1100000', '1200000', '990000', '1100000', '890000', '990000', '800000', '890000', '720000', '800000', '650000', '720000', '590000', '650000', '530000', '590000', '480000', '530000', '430000', '480000', '390000', '430000', '350000', '390000', '320000', '350000', '290000', '320000', '174'),
(175, '5', '3', '1101', 'suv', '1172000', '1325000', '940000', '1100000', '850000', '990000', '770000', '890000', '690000', '800000', '620000', '720000', '560000', '650000', '500000', '590000', '450000', '530000', '410000', '480000', '370000', '430000', '330000', '390000', '300000', '350000', '270000', '320000', '240000', '290000', '220000', '260000', '175'),
(176, '5', '3', '1102', 'suv', '1551000', '1551000', '1200000', '1300000', '1100000', '1200000', '990000', '1100000', '890000', '990000', '800000', '890000', '720000', '800000', '650000', '720000', '590000', '650000', '530000', '590000', '480000', '530000', '430000', '480000', '390000', '430000', '350000', '390000', '320000', '350000', '290000', '320000', '176'),
(177, '5', '3', '1102', 'กลุ่ม3 ทั่วไป', '1316000', '1427000', '1050000', '1150000', '950000', '1000000', '860000', '900000', '770000', '810000', '690000', '730000', '620000', '660000', '560000', '590000', '500000', '530000', '450000', '480000', '410000', '430000', '370000', '390000', '330000', '350000', '300000', '320000', '270000', '290000', '240000', '260000', '177'),
(178, '5', '-', '3201', 'Pickupบรรทุก', '465500', '500500', '370000', '400000', '330000', '360000', '300000', '320000', '270000', '290000', '240000', '260000', '220000', '230000', '200000', '210000', '180000', '190000', '160000', '170000', '140000', '150000', '130000', '140000', '120000', '130000', '110000', '120000', '100000', '110000', '90000', '100000', '178'),
(179, '5', '-', '3201', 'Pickupบรรทุก', '575000', '842000', '460000', '670000', '410000', '600000', '370000', '540000', '330000', '490000', '300000', '440000', '270000', '400000', '240000', '360000', '220000', '320000', '200000', '290000', '180000', '260000', '160000', '230000', '140000', '210000', '130000', '190000', '120000', '170000', '110000', '150000', '179'),
(180, '5', '3', '1102', 'Pickup4ประตู', '656000', '996000', '520000', '800000', '470000', '720000', '420000', '650000', '380000', '590000', '340000', '530000', '310000', '480000', '280000', '430000', '250000', '390000', '230000', '350000', '210000', '320000', '190000', '290000', '170000', '260000', '150000', '230000', '140000', '210000', '130000', '190000', '180'),
(181, '5', '4', '1101', 'กลุ่ม4', '959000', '959000', '770000', '820000', '690000', '740000', '620000', '670000', '560000', '600000', '500000', '540000', '450000', '490000', '410000', '440000', '370000', '400000', '330000', '360000', '300000', '320000', '270000', '290000', '240000', '260000', '220000', '230000', '200000', '210000', '180000', '190000', '181'),
(182, '7', '3', '1101', 'กลุ่ม3 ทั่วไป', '1050000', '1050000', '0', '0', '760000', '800000', '680000', '720000', '610000', '650000', '550000', '590000', '500000', '530000', '450000', '480000', '410000', '430000', '370000', '390000', '330000', '350000', '300000', '320000', '270000', '290000', '240000', '260000', '220000', '230000', '200000', '210000', '182'),
(183, '7', '5', '1101', 'Eco', '442000', '599000', '350000', '480000', '320000', '430000', '290000', '390000', '260000', '350000', '230000', '320000', '210000', '290000', '190000', '260000', '170000', '230000', '150000', '210000', '140000', '190000', '130000', '170000', '120000', '150000', '110000', '140000', '100000', '130000', '90000', '120000', '183'),
(184, '7', '4', '1101', 'กลุ่ม4', '799000', '799000', '640000', '680000', '580000', '610000', '520000', '550000', '470000', '500000', '420000', '450000', '380000', '410000', '340000', '370000', '310000', '330000', '280000', '300000', '250000', '270000', '230000', '240000', '210000', '220000', '190000', '200000', '170000', '180000', '150000', '160000', '184'),
(185, '7', '5', '1101', 'กลุ่ม5', '554000', '689000', '440000', '550000', '400000', '500000', '360000', '450000', '320000', '410000', '290000', '370000', '260000', '330000', '230000', '300000', '210000', '270000', '190000', '240000', '170000', '220000', '150000', '200000', '140000', '180000', '130000', '160000', '120000', '140000', '110000', '130000', '185'),
(186, '7', '5', '1101', 'Eco', '359000', '488000', '290000', '390000', '260000', '350000', '230000', '320000', '210000', '290000', '190000', '260000', '170000', '230000', '150000', '210000', '140000', '190000', '130000', '170000', '120000', '150000', '110000', '140000', '100000', '130000', '90000', '120000', '80000', '110000', '70000', '100000', '186'),
(187, '7', '5', '1101', 'Eco', '1350000', '1350000', '1100000', '1150000', '350000', '490000', '320000', '440000', '290000', '400000', '260000', '360000', '230000', '320000', '210000', '290000', '190000', '260000', '170000', '230000', '150000', '210000', '140000', '190000', '130000', '170000', '120000', '150000', '110000', '140000', '100000', '130000', '187'),
(188, '7', '-', '3201', 'Pickupบรรทุก', '409000', '409000', '330000', '350000', '300000', '320000', '270000', '290000', '240000', '260000', '220000', '230000', '200000', '210000', '180000', '190000', '160000', '170000', '140000', '150000', '130000', '140000', '120000', '130000', '110000', '120000', '100000', '110000', '90000', '100000', '80000', '90000', '188'),
(189, '7', '5', '1101', 'กลุ่ม5', '584000', '669000', '470000', '540000', '420000', '490000', '380000', '440000', '340000', '400000', '310000', '360000', '280000', '320000', '250000', '290000', '230000', '260000', '210000', '230000', '190000', '210000', '170000', '190000', '150000', '170000', '140000', '150000', '130000', '140000', '120000', '130000', '189'),
(190, '6', '5', '1101', 'กลุ่ม5', '559000', '734000', '450000', '590000', '410000', '530000', '370000', '480000', '330000', '430000', '300000', '390000', '270000', '350000', '240000', '320000', '220000', '290000', '200000', '260000', '180000', '230000', '160000', '210000', '140000', '190000', '130000', '170000', '120000', '150000', '110000', '140000', '190'),
(191, '6', '5', '1101', 'Eco', '469000', '599000', '380000', '480000', '340000', '430000', '310000', '390000', '280000', '350000', '250000', '320000', '230000', '290000', '210000', '260000', '190000', '230000', '170000', '210000', '150000', '190000', '140000', '170000', '130000', '150000', '120000', '140000', '110000', '130000', '100000', '120000', '191'),
(192, '6', '5', '1101', 'กลุ่ม5', '555000', '734000', '0', '0', '0', '0', '350000', '440000', '320000', '400000', '290000', '360000', '260000', '320000', '230000', '290000', '210000', '260000', '190000', '230000', '170000', '210000', '150000', '190000', '140000', '170000', '130000', '150000', '120000', '140000', '110000', '130000', '192'),
(193, '6', '4', '1101', 'กลุ่ม4', '479000', '595000', '380000', '480000', '540000', '630000', '490000', '570000', '440000', '510000', '400000', '460000', '360000', '410000', '320000', '370000', '290000', '330000', '260000', '300000', '230000', '270000', '210000', '240000', '190000', '220000', '170000', '200000', '150000', '180000', '140000', '160000', '193'),
(194, '6', '4', '1101', 'กลุ่ม4', '819000', '889000', '660000', '710000', '590000', '640000', '530000', '580000', '480000', '520000', '430000', '470000', '390000', '420000', '350000', '380000', '320000', '340000', '290000', '310000', '260000', '280000', '230000', '250000', '210000', '230000', '190000', '210000', '170000', '190000', '150000', '170000', '194'),
(195, '6', '4', '1101', 'กลุ่ม4', '769000', '829000', '620000', '660000', '560000', '590000', '500000', '530000', '450000', '480000', '410000', '430000', '370000', '      ', '330000', '350000', '300000', '320000', '270000', '290000', '240000', '260000', '220000', '230000', '200000', '210000', '180000', '190000', '160000', '170000', '140000', '150000', '195'),
(196, '6', '4', '1101', 'กลุ่ม4', '839000', '1069000', '670000', '860000', '600000', '770000', '540000', '690000', '490000', '620000', '440000', '560000', '400000', '500000', '360000', '450000', '320000', '410000', '290000', '370000', '260000', '330000', '230000', '300000', '210000', '270000', '190000', '240000', '170000', '220000', '150000', '200000', '196'),
(197, '6', '4', '1101', 'กลุ่ม4', '979000', '1199000', '0', '0', '0', '0', '630000', '770000', '570000', '690000', '510000', '620000', '460000', '560000', '410000', '500000', '370000', '450000', '330000', '410000', '300000', '370000', '270000', '330000', '240000', '300000', '220000', '270000', '200000', '240000', '180000', '220000', '197'),
(198, '6', '4', '1101', 'กลุ่ม4', '979000', '1159000', '780000', '930000', '700000', '800000', '630000', '720000', '570000', '650000', '510000', '590000', '460000', '530000', '410000', '480000', '370000', '430000', '330000', '390000', '300000', '350000', '270000', '320000', '240000', '290000', '220000', '260000', '200000', '230000', '180000', '210000', '198'),
(199, '6', '3', '1101', 'กลุ่ม3 ทั่วไป', '859000', '1115000', '690000', '890000', '620000', '800000', '560000', '720000', '500000', '650000', '450000', '590000', '410000', '530000', '370000', '480000', '330000', '430000', '300000', '390000', '270000', '350000', '240000', '320000', '220000', '290000', '200000', '260000', '180000', '230000', '160000', '210000', '199'),
(200, '6', '3', '1101', 'กลุ่ม3 ทั่วไป', '1350000', '1350000', '1100000', '1150000', '810000', '810000', '730000', '730000', '660000', '660000', '590000', '590000', '530000', '530000', '480000', '480000', '430000', '430000', '390000', '390000', '350000', '350000', '0', '0', '0', '0', '0', '0', '0', '0', '0', '0', '200'),
(201, '6', '3', '1102', 'กลุ่ม3 ทั่วไป', '479000', '595000', '0', '0', '890000', '1000000', '800000', '900000', '720000', '810000', '650000', '730000', '590000', '660000', '530000', '590000', '480000', '530000', '430000', '480000', '390000', '430000', '0', '0', '0', '0', '0', '0', '0', '0', '0', '0', '201'),
(202, '6', '3', '1101', 'กลุ่ม3 ทั่วไป', '1199000', '1399000', '960000', '1100000', '860000', '990000', '770000', '890000', '690000', '800000', '620000', '720000', '560000', '650000', '500000', '590000', '450000', '530000', '410000', '480000', '370000', '430000', '330000', '390000', '300000', '350000', '270000', '320000', '240000', '290000', '220000', '260000', '202'),
(203, '6', '3', '1101', 'กลุ่ม3 ทั่วไป', '1319000', '1429000', '1050000', '1150000', '950000', '1000000', '860000', '900000', '770000', '810000', '690000', '730000', '620000', '660000', '560000', '590000', '500000', '530000', '450000', '480000', '410000', '430000', '370000', '390000', '330000', '350000', '300000', '320000', '270000', '290000', '240000', '260000', '203'),
(204, '6', '3', '1102', 'กลุ่ม3 ทั่วไป', '1449000', '1449000', '0', '0', '0', '0', '0', '0', '750000', '850000', '680000', '770000', '610000', '690000', '550000', '620000', '500000', '560000', '450000', '500000', '410000', '450000', '370000', '410000', '330000', '370000', '300000', '330000', '270000', '300000', '240000', '270000', '204'),
(205, '6', '3', '1102', 'กลุ่ม3 ทั่วไป', '1569000', '1569000', '1250000', '1300000', '1100000', '1200000', '990000', '1100000', '890000', '990000', '800000', '890000', '720000', '800000', '650000', '720000', '590000', '650000', '530000', '590000', '480000', '530000', '430000', '480000', '390000', '430000', '350000', '390000', '320000', '350000', '290000', '320000', '205'),
(206, '6', '3', '1102', 'กลุ่ม3 ทั่วไป', '1619000', '1799000', '0', '0', '0', '0', '0', '0', '840000', '940000', '760000', '850000', '680000', '770000', '610000', '690000', '550000', '620000', '500000', '560000', '450000', '500000', '410000', '450000', '370000', '410000', '330000', '370000', '300000', '330000', '270000', '300000', '206'),
(207, '6', '3', '1102', 'กลุ่ม3 ทั่วไป', '1659000', '1879000', '1300000', '1500000', '1200000', '1350000', '1100000', '1200000', '990000', '1100000', '890000', '990000', '800000', '890000', '720000', '800000', '650000', '720000', '590000', '650000', '530000', '590000', '480000', '530000', '430000', '480000', '390000', '430000', '350000', '390000', '320000', '350000', '207'),
(208, '6', '3', '1102', 'กลุ่ม3 ทั่วไป', '2909000', '2909000', '0', '0', '0', '0', '0', '0', '0', '0', '1400000', '1500000', '1300000', '1400000', '1200000', '1300000', '1100000', '1200000', '990000', '1100000', '890000', '990000', '800000', '890000', '720000', '800000', '650000', '720000', '590000', '650000', '530000', '590000', '208'),
(209, '6', '3', '1102', 'suv', '1199000', '1369000', '1000000', '1200000', '900000', '1100000', '810000', '990000', '730000', '890000', '660000', '800000', '590000', '720000', '530000', '650000', '480000', '590000', '430000', '530000', '390000', '480000', '350000', '430000', '320000', '390000', '290000', '350000', '260000', '320000', '230000', '290000', '209'),
(210, '6', '3', '1102', 'suv', '1449000', '1449000', '1200000', '1250000', '1100000', '1150000', '990000', '1050000', '890000', '950000', '800000', '860000', '720000', '770000', '650000', '690000', '590000', '620000', '530000', '560000', '480000', '500000', '430000', '450000', '390000', '410000', '350000', '370000', '320000', '330000', '290000', '300000', '210'),
(211, '6', '3', '1102', 'suv', '1529000', '1599000', '1200000', '1300000', '1100000', '1200000', '990000', '1100000', '890000', '1000000', '800000', '900000', '720000', '810000', '650000', '730000', '590000', '660000', '530000', '590000', '480000', '530000', '430000', '480000', '390000', '430000', '350000', '390000', '320000', '350000', '290000', '320000', '211'),
(212, '6', '3', '1102', 'Pickup4ประตู', '809000', '1009000', '650000', '810000', '590000', '730000', '530000', '660000', '480000', '590000', '430000', '530000', '390000', '480000', '350000', '430000', '320000', '390000', '290000', '350000', '260000', '320000', '230000', '290000', '210000', '260000', '190000', '230000', '170000', '210000', '150000', '190000', '212'),
(213, '6', '3', '1102', 'Pickup4ประตู', '895000', '895000', '720000', '760000', '650000', '680000', '590000', '610000', '530000', '550000', '480000', '500000', '430000', '450000', '390000', '410000', '350000', '370000', '320000', '330000', '290000', '300000', '260000', '270000', '230000', '240000', '210000', '220000', '190000', '200000', '170000', '180000', '213'),
(214, '6', '3', '1102', 'Pickup4ประตู', '1069000', '1139000', '860000', '910000', '770000', '820000', '690000', '740000', '620000', '670000', '560000', '600000', '500000', '540000', '450000', '490000', '410000', '440000', '370000', '400000', '330000', '360000', '300000', '320000', '270000', '290000', '240000', '260000', '220000', '230000', '200000', '210000', '214'),
(215, '6', '2', '1102', 'กลุ่ม2', '3339000', '3459000', '2700000', '2800000', '2400000', '2500000', '2200000', '2300000', '2000000', '2100000', '1800000', '1900000', '1600000', '1700000', '1400000', '1500000', '1300000', '1400000', '1200000', '1300000', '1100000', '1200000', '0', '', '0', '', '0', '', '0', '', '0', '', '215'),
(216, '6', '2', '1102', 'กลุ่ม2', '3549000', '3549000', '2800000', '3200000', '2500000', '2900000', '2300000', '2600000', '2100000', '2300000', '1900000', '2100000', '1700000', '1900000', '1500000', '1700000', '1400000', '1500000', '1300000', '1400000', '1200000', '1300000', '0', '', '0', '', '0', '', '0', '', '0', '', '216'),
(217, '6', '2', '1102', 'กลุ่ม2', '3399000', '3399000', '2700000', '3100000', '2400000', '2800000', '2200000', '2500000', '2000000', '2300000', '1800000', '2100000', '1600000', '1900000', '1400000', '1700000', '1300000', '1500000', '1200000', '1400000', '1100000', '1300000', '0', '', '0', '', '0', '', '0', '', '0', '', '217'),
(218, '6', '-', '3201', 'Pickupบรรทุก', '729000', '899000', '580000', '720000', '520000', '650000', '470000', '590000', '420000', '530000', '380000', '480000', '340000', '430000', '310000', '390000', '280000', '350000', '250000', '320000', '230000', '290000', '210000', '260000', '190000', '230000', '170000', '210000', '150000', '190000', '140000', '170000', '218'),
(219, '6', '-', '3201', 'Pickupบรรทุก', '569000', '755000', '460000', '600000', '410000', '540000', '370000', '490000', '330000', '440000', '300000', '400000', '270000', '360000', '240000', '320000', '220000', '290000', '200000', '260000', '180000', '230000', '160000', '210000', '140000', '190000', '130000', '170000', '120000', '150000', '110000', '140000', '219'),
(220, '6', '-', '3201', 'Pickupบรรทุก', '507000', '538000', '410000', '430000', '370000', '390000', '330000', '350000', '300000', '320000', '270000', '290000', '240000', '260000', '220000', '230000', '200000', '210000', '180000', '190000', '160000', '170000', '140000', '150000', '130000', '140000', '120000', '130000', '110000', '120000', '100000', '110000', '220'),
(221, '6', '-', '3201', 'Pickupบรรทุก', '622000', '622000', '500000', '530000', '450000', '480000', '410000', '430000', '370000', '390000', '330000', '350000', '300000', '320000', '270000', '290000', '240000', '260000', '220000', '230000', '200000', '210000', '180000', '190000', '160000', '170000', '140000', '150000', '130000', '140000', '120000', '130000', '221'),
(222, '6', '-', '3201', 'Pickupบรรทุก', '583000', '758000', '470000', '610000', '420000', '550000', '380000', '500000', '340000', '450000', '310000', '410000', '280000', '370000', '250000', '330000', '230000', '300000', '210000', '270000', '190000', '240000', '170000', '220000', '150000', '200000', '140000', '180000', '130000', '160000', '120000', '140000', '222'),
(223, '6', '3', '1102', 'Pickup4ประตู', '773000', '905000', '620000', '720000', '560000', '650000', '500000', '590000', '450000', '530000', '410000', '480000', '370000', '430000', '330000', '390000', '300000', '350000', '270000', '320000', '240000', '290000', '220000', '260000', '200000', '230000', '180000', '210000', '160000', '190000', '140000', '170000', '223'),
(224, '6', '3', '1102', 'Pickup4ประตู', '826000', '826000', '660000', '700000', '590000', '630000', '530000', '570000', '480000', '510000', '430000', '460000', '390000', '410000', '350000', '370000', '320000', '330000', '290000', '300000', '260000', '270000', '230000', '240000', '210000', '220000', '190000', '200000', '170000', '180000', '150000', '160000', '224'),
(225, '6', '3', '1102', 'Pickup4ประตู', '865000', '992000', '690000', '790000', '620000', '710000', '560000', '640000', '500000', '580000', '450000', '520000', '410000', '470000', '370000', '420000', '330000', '380000', '300000', '340000', '270000', '310000', '240000', '280000', '220000', '250000', '200000', '230000', '180000', '210000', '160000', '190000', '225'),
(226, '6', '3', '1101', 'กลุ่ม3 ทั่วไป', '1277000', '1277000', '0', '0', '0', '0', '0', '0', '0', '0', '0', '0', '600000', '640000', '540000', '580000', '490000', '520000', '440000', '470000', '400000', '420000', '360000', '380000', '320000', '340000', '290000', '310000', '260000', '280000', '230000', '250000', '226'),
(227, '6', '-', '2101', 'รถตู้', '1158000', '1244000', '900000', '1000000', '810000', '900000', '730000', '810000', '660000', '730000', '590000', '660000', '530000', '590000', '480000', '530000', '430000', '480000', '390000', '430000', '350000', '390000', '320000', '350000', '290000', '320000', '260000', '290000', '230000', '260000', '210000', '230000', '227'),
(228, '6', '2', '1102', 'รถตู้', '1354000', '1645000', '1100000', '1300000', '990000', '1200000', '890000', '1100000', '800000', '1000000', '720000', '900000', '650000', '810000', '590000', '730000', '530000', '660000', '480000', '590000', '430000', '530000', '390000', '480000', '350000', '430000', '320000', '390000', '290000', '350000', '260000', '320000', '228'),
(229, '6', '-', '2101', 'รถตู้', '1099000', '1599000', '880000', '1300000', '790000', '1200000', '710000', '1100000', '640000', '990000', '580000', '890000', '520000', '800000', '470000', '720000', '420000', '650000', '380000', '590000', '340000', '530000', '310000', '480000', '280000', '430000', '250000', '390000', '230000', '350000', '210000', '320000', '229'),
(230, '14', '-', '2101', 'รถตู้', '2349000', '2399000', '1850000', '1900000', '1700000', '1700000', '1500000', '1500000', '1400000', '1400000', '1300000', '1300000', '1200000', '1200000', '1100000', '1100000', '990000', '990000', '890000', '890000', '800000', '800000', '720000', '720000', '650000', '650000', '590000', '590000', '530000', '530000', '480000', '480000', '230'),
(231, '14', '-', '2101', 'รถตู้', '1928000', '1978000', '1500000', '1600000', '1400000', '1400000', '1300000', '1300000', '1200000', '1200000', '1100000', '1100000', '990000', '990000', '890000', '890000', '800000', '800000', '720000', '720000', '650000', '650000', '590000', '590000', '530000', '530000', '480000', '480000', '430000', '430000', '390000', '390000', '231'),
(232, '14', '-', '2101', 'รถตู้', '1928000', '1978000', '1500000', '1600000', '1400000', '1400000', '1300000', '1300000', '1200000', '1200000', '1100000', '1100000', '990000', '990000', '890000', '890000', '800000', '800000', '720000', '720000', '650000', '650000', '590000', '590000', '530000', '530000', '480000', '480000', '430000', '430000', '390000', '390000', '232'),
(233, '14', '3', '1101', 'กลุ่ม3 ทั่วไป', '479000', '595000', '380000', '480000', '580000', '720000', '520000', '650000', '470000', '590000', '420000', '530000', '380000', '480000', '340000', '430000', '310000', '390000', '280000', '350000', '250000', '320000', '230000', '290000', '210000', '260000', '190000', '230000', '170000', '210000', '150000', '190000', '233'),
(234, '14', '-', '3201', 'Pickupบรรทุก', '648200', '648200', '520000', '550000', '440000', '470000', '370000', '400000', '330000', '360000', '300000', '320000', '270000', '290000', '240000', '260000', '220000', '230000', '200000', '210000', '180000', '190000', '160000', '170000', '140000', '150000', '130000', '140000', '120000', '130000', '110000', '120000', '234'),
(235, '15', '-', '3201', 'Pickupบรรทุก', '578000', '578000', '0', '0', '0', '0', '0', '0', '0', '0', '0', '0', '0', '0', '0', '0', '0', '0', '0', '0', '210000', '220000', '190000', '200000', '170000', '180000', '150000', '160000', '140000', '150000', '130000', '140000', '235'),
(236, '15', '-', '3201', 'Pickupบรรทุก', '632000', '632000', '0', '0', '0', '0', '0', '0', '0', '0', '280000', '300000', '250000', '270000', '230000', '260000', '210000', '230000', '190000', '210000', '170000', '190000', '150000', '170000', '140000', '150000', '130000', '140000', '120000', '130000', '110000', '120000', '236'),
(237, '15', '-', '3201', 'Pickupบรรทุก', '564000', '595000', '450000', '480000', '410000', '430000', '370000', '390000', '330000', '350000', '300000', '320000', '270000', '290000', '240000', '260000', '220000', '230000', '200000', '210000', '180000', '190000', '160000', '170000', '140000', '150000', '130000', '140000', '120000', '130000', '110000', '120000', '237'),
(238, '16', '-', '3201', 'Pickupบรรทุก', '524000', '569000', '420000', '460000', '380000', '420000', '340000', '380000', '310000', '340000', '280000', '310000', '250000', '280000', '230000', '250000', '210000', '230000', '190000', '210000', '170000', '190000', '150000', '170000', '140000', '150000', '130000', '140000', '120000', '130000', '110000', '120000', '238'),
(239, '16', '-', '3201', 'Pickupบรรทุก', '504000', '504000', '400000', '430000', '360000', '390000', '320000', '350000', '290000', '320000', '260000', '290000', '230000', '260000', '210000', '230000', '190000', '210000', '170000', '190000', '150000', '170000', '140000', '150000', '130000', '140000', '120000', '130000', '110000', '120000', '100000', '110000', '239'),
(240, '16', '-', '3201', 'Pickupบรรทุก', '574000', '574000', '460000', '490000', '410000', '440000', '370000', '400000', '330000', '360000', '300000', '320000', '270000', '290000', '240000', '260000', '220000', '230000', '200000', '210000', '180000', '190000', '160000', '170000', '140000', '150000', '130000', '140000', '120000', '130000', '110000', '120000', '240'),
(241, '16', '-', '3201', 'Pickupบรรทุก', '499000', '499000', '400000', '420000', '360000', '380000', '320000', '340000', '290000', '310000', '260000', '280000', '230000', '250000', '210000', '230000', '190000', '210000', '170000', '190000', '150000', '170000', '140000', '150000', '130000', '140000', '120000', '130000', '110000', '120000', '100000', '110000', '241'),
(242, '16', '-', '3201', 'Pickupบรรทุก', '361500', '361500', '290000', '310000', '260000', '280000', '230000', '250000', '210000', '230000', '190000', '210000', '170000', '190000', '150000', '170000', '140000', '150000', '130000', '140000', '120000', '130000', '110000', '120000', '100000', '110000', '90000', '100000', '80000', '90000', '70000', '80000', '242'),
(243, '16', '3', '1102', 'Pickup4ประตู', '734900', '734900', '590000', '620000', '530000', '560000', '480000', '500000', '430000', '450000', '390000', '410000', '350000', '370000', '320000', '330000', '290000', '300000', '260000', '270000', '230000', '240000', '210000', '220000', '190000', '200000', '170000', '180000', '150000', '160000', '140000', '150000', '243'),
(244, '16', '3', '1102', 'Pickup4ประตู', '639000', '639000', '510000', '540000', '460000', '490000', '410000', '440000', '370000', '400000', '330000', '360000', '300000', '320000', '270000', '290000', '240000', '260000', '220000', '230000', '200000', '210000', '180000', '190000', '160000', '170000', '140000', '150000', '130000', '140000', '120000', '130000', '244'),
(245, '16', '3', '1101', 'suv', '1350000', '1350000', '1100000', '1150000', '800000', '1000000', '720000', '900000', '650000', '810000', '590000', '730000', '530000', '660000', '480000', '590000', '430000', '530000', '390000', '480000', '350000', '430000', '320000', '390000', '290000', '350000', '260000', '320000', '230000', '290000', '210000', '260000', '245'),
(246, '9', '-', '2101', 'รถตู้', '918000', '1128000', '730000', '900000', '2300000', '2900000', '2100000', '2600000', '1900000', '2300000', '1700000', '2100000', '1500000', '1900000', '1400000', '1700000', '1300000', '1500000', '1200000', '1400000', '1100000', '1300000', '1000000', '1200000', '900000', '1100000', '810000', '1000000', '730000', '900000', '660000', '810000', '246'),
(247, '18', '2', '1101', 'กลุ่ม2', '1749000', '2099000', '1400000', '1700000', '1300000', '1500000', '1200000', '1400000', '1100000', '1300000', '1000000', '1200000', '900000', '1100000', '800000', '1000000', '700000', '900000', '600000', '800000', '500000', '700000', '0', '0', '0', '0', '0', '0', '0', '0', '0', '0', '247'),
(248, '19', '2', '1101', 'กลุ่ม2', '2349000', '2549000', '1900000', '2000000', '1700000', '1800000', '1500000', '1600000', '1400000', '1450000', '1300000', '1350000', '1200000', '1250000', '1100000', '1150000', '1000000', '1050000', '900000', '950000', '810000', '860000', '0', '0', '0', '0', '0', '0', '0', '0', '0', '0', '248'),
(249, '19', '2', '1101', 'กลุ่ม2', '1929000', '2199000', '1500000', '1800000', '1400000', '1600000', '1300000', '1400000', '1200000', '1300000', '1100000', '1200000', '1000000', '1100000', '900000', '1000000', '810000', '900000', '730000', '810000', '660000', '730000', '0', '0', '0', '0', '0', '0', '0', '0', '0', '0', '249'),
(250, '19', '2', '1101', 'กลุ่ม2', '2449000', '2449000', '2000000', '2200000', '1800000', '2000000', '1600000', '1800000', '1400000', '1600000', '1300000', '1400000', '1200000', '1300000', '1100000', '1200000', '990000', '1100000', '890000', '990000', '800000', '890000', '0', '0', '0', '0', '0', '0', '0', '0', '0', '0', '250'),
(251, '19', '2', '1101', 'กลุ่ม2', '3090000', '3590000', '2500000', '2900000', '2300000', '2600000', '2100000', '2300000', '1900000', '2100000', '1700000', '1900000', '1500000', '1700000', '1400000', '1500000', '1300000', '1400000', '1200000', '1300000', '1100000', '1200000', '0', '0', '0', '0', '0', '0', '0', '0', '0', '0', '251');

-- --------------------------------------------------------

--
-- Table structure for table `car_model`
--

CREATE TABLE `car_model` (
  `id` varchar(10) CHARACTER SET utf8 NOT NULL,
  `Name` varchar(255) CHARACTER SET utf8 NOT NULL,
  `brand_ID` varchar(255) CHARACTER SET utf8 NOT NULL
) ENGINE=InnoDB DEFAULT CHARSET=utf8mb4;

--
-- Dumping data for table `car_model`
--

INSERT INTO `car_model` (`id`, `Name`, `brand_ID`) VALUES
('1', 'A180 (1.6)', '12'),
('10', '116i', '11'),
('100', 'D-MAX SPACECAB 1.9 (2 ประตู) ', '2'),
('101', 'D-MAX SPACECAB 2.5 (2 ประตู) ', '2'),
('102', 'D-MAX SPACECAB 2.5 (2 ประตู) ', '2'),
('103', 'D-MAX HI-LANDER 1.9 (ยกสูง)', '2'),
('104', 'D-MAX HI-LANDER 2.5 (ยกสูง)', '2'),
('105', 'D-MAX HI-LANDER 3.0 (ยกสูง)', '2'),
('106', 'D-MAX V-CROSS 2.5 (2 ประตู 4×4)', '2'),
('107', 'D-MAX V-CROSS 3.0 (2 ประตู 4×4)', '2'),
('108', 'Dmax X-Series Speed 1.9 (2 ประตู)', '2'),
('109', 'Dmax X-Series Speed 2.5 (2 ประตู)', '2'),
('11', '318i', '11'),
('110', 'D-MAX CAB 4 1.9 (4 ประตู)', '2'),
('111', 'D-MAX CAB 4 2.5 (4 ประตู)', '2'),
('112', 'D-MAX HI-LANDER 1.9 (4 ประตู ยกสูง)', '2'),
('113', 'D-MAX HI-LANDER 2.5 (4 ประตู ยกสูง)', '2'),
('114', 'D-MAX HI-LANDER 3.0 (4 ประตู ยกสูง)', '2'),
('115', 'D-MAX V-CROSS 2.5 (4 ประตู 4×4)', '2'),
('116', 'D-MAX V-CROSS 3.0 (4 ประตู 4×4)', '2'),
('117', 'Dmax X-Series 1.9 (4 ประตู)', '2'),
('118', 'Dmax X-Series 2.5 (4 ประตู)', '2'),
('119', 'MU-7 3.0', '2'),
('12', '320i', '11'),
('120', 'MU-X 1.9', '2'),
('121', 'MU-X 2.5 ', '2'),
('122', 'MU-X 3.0', '2'),
('123', 'CT 200h', '17'),
('124', 'IS 300h', '17'),
('125', 'NX 300h', '17'),
('126', 'MAZDA 2 (1.3)', '10'),
('127', 'MAZDA 2 (1.5)', '10'),
('128', 'MAZDA 3 (1.6) ', '10'),
('129', 'MAZDA 3 (2.0)', '10'),
('13', '320D', '11'),
('130', 'CX-3 (1.5)', '10'),
('131', 'CX-3 (2.0)', '10'),
('132', 'BT-50 Double cab 2.2/2.5 (4 ประตู)', '10'),
('133', 'BT-50 Double cab 3.2 (4 ประตู)', '10'),
('134', 'BT-50  2.2/2.5 (กระบะตอนเดียว)', '10'),
('135', 'BT-50 Freestyle Cab 2.2/2.5 ( 2 ประตู)', '10'),
('136', 'CX-5 2.0 ', '10'),
('137', 'CX-5 2.5L เบนซิน', '10'),
('138', 'CX-5 2.2 Diesel 4WD', '10'),
('139', 'MG 6 (1.8)', '13'),
('14', '328i', '11'),
('140', 'MG ZS (1.5)', '13'),
('141', 'MG GS (1.5)', '13'),
('142', 'MG 3  (1.5)', '13'),
('143', 'MG 5 (1.5)', '13'),
('144', 'MIRAGE 1.2', '8'),
('145', 'ATTRAGE 1.2', '8'),
('146', 'LANCER 1.6', '8'),
('147', 'LANCER EX 1.8', '8'),
('148', 'LANCER EX 2.0', '8'),
('149', 'Xpander 1.5', '8'),
('15', '520D', '11'),
('150', 'PAJARO SPORT 2.5', '8'),
('151', 'PAJARO SPORT 3.0', '8'),
('152', 'All New Pajero Sport 2.5', '8'),
('153', 'TRITON 2.4 CNG (กระบะตอนเดียว)', '8'),
('154', 'TRITON 2.4/2.5 (กระบะตอนเดียว)', '8'),
('155', 'TRITON MEGA CAB 2.4 CNG (2ประตู)', '8'),
('156', 'TRITON MEGA CAB 2.4/2.5 (2ประตู)', '8'),
('157', 'TRITON MEGA Cab Plus 2.4/2.5 (2ประตู)', '8'),
('158', 'TRITON DOUBLE CAB 2.4 CNG (4ประตู)', '8'),
('159', 'TRITON DOUBLE CAB 2.4/2.5 (4ประตู)', '8'),
('16', '520i', '11'),
('160', 'SPACE WAGON 2.4', '8'),
('161', 'Delica Space Wagon(2.0)', '8'),
('162', 'JUKE 1.6', '5'),
('163', 'PULSAR 1.6', '5'),
('164', 'PULSAR 1.8', '5'),
('165', 'MARCH 1.2', '5'),
('166', 'ALMERA 1.2', '5'),
('167', 'Note (1.2)', '5'),
('168', 'TIIDA 1.6', '5'),
('169', 'TIIDA 1.8', '5'),
('17', '525D', '11'),
('170', 'SYLPHY 1.6', '5'),
('171', 'SYLPHY 1.6 CNG', '5'),
('172', 'SYLPHY 1.8', '5'),
('173', 'Livina (1.6)', '5'),
('174', 'TEANA 2.0', '5'),
('175', 'TEANA 2.5', '5'),
('176', 'X-TRAIL 2.0', '5'),
('177', 'X-TRAIL 2.5', '5'),
('178', 'TERRA 2.3', '5'),
('179', 'NAVARA 2.5 (กระบะตอนเดียว)', '5'),
('18', '528i', '11'),
('180', 'NAVARA KING CAB 2.5 (2 ประตู)', '5'),
('181', 'NAVARA DOUBLE CAB 2.5 (4 ประตู)', '5'),
('182', 'APV (1.6)', '7'),
('183', 'GRAND VITARA 2.0', '7'),
('184', 'SWIFT (1.2)', '7'),
('185', 'SX 4  (1.6)', '7'),
('186', 'ERTIGA 1.4', '7'),
('187', 'Celerio 1.0', '7'),
('188', 'Ciaz (1.3)', '7'),
('189', 'Carry', '7'),
('19', '530i', '11'),
('190', 'AVANZA 1.3/1.5', '6'),
('191', 'VIOS 1.5', '6'),
('192', 'YARIS 1.2', '6'),
('193', 'YARIS 1.5', '6'),
('194', 'Sienta (1.5)', '6'),
('195', 'ALTIS 1.6 CNG', '6'),
('196', 'ALTIS 1.6', '6'),
('197', 'ALTIS 1.8', '6'),
('198', 'ALTIS 2.0', '6'),
('199', 'C-HR 1.8', '6'),
('2', 'A250 (2.0)', '12'),
('20', 'X1', '11'),
('200', 'INNOVA 2.0', '6'),
('201', 'Innova Crysta (2.0)', '6'),
('202', 'Innova Crysta (2.8)', '6'),
('203', 'PRIUS HYBRID 1.8', '6'),
('204', 'CAMRY 2.0', '6'),
('205', 'CAMRY 2.4', '6'),
('206', 'CAMRY 2.5', '6'),
('207', 'CAMRY 2.4 HYBRID', '6'),
('208', 'CAMRY 2.5 HYBRID', '6'),
('209', 'CAMRY 3.5', '6'),
('21', 'X3', '11'),
('210', 'FORTUNER 2.4/2.5', '6'),
('211', 'FORTUNER 2.7', '6'),
('212', 'FORTUNER 2.8/3.0', '6'),
('213', 'Revo D-CAB 2.4 (4ประตู)', '6'),
('214', 'Revo D-CAB 2.7 (4ประตู)', '6'),
('215', 'Revo D-CAB 2.8 (4ประตู)', '6'),
('216', 'Alphard 2.4', '6'),
('217', 'Alphard 2.5', '6'),
('218', 'VellFire 2.5', '6'),
('219', 'Revo C-CAB 2.4,2.7, 2.8 (2ประตู)', '6'),
('22', 'SPIN 1.5', '4'),
('220', 'Revo B-CAB 2.4,2.7, 2.8 (2ประตู)', '6'),
('221', 'Vigo Standard Cap 2.5 (กระบะตอนเดียว)', '6'),
('222', 'Vigo 2.7 (กระบะตอนเดียว) + กระบะ CNG', '6'),
('223', 'VIGO SMART-CAB 2.5 (Cab 2ประตู)', '6'),
('224', 'VIGO DOUBLE-CAB 2.5 (4 ประตู)', '6'),
('225', 'VIGODOUBLE-CAB  2.7 (4 ประตู)', '6'),
('226', 'VIGO SINGLE CAB 3.0 (4 ประตู)', '6'),
('227', 'WISH 2.0', '6'),
('228', 'COMMUTER (จดโดยสาร)', '6'),
('229', 'VENTURY (จดโดยสาร)', '6'),
('23', 'SONIC 1.4 [4Doors+5Doors]', '4'),
('230', 'H1', '14'),
('231', 'NEW HYUNDAI H1', '14'),
('232', 'Grand Starex', '14'),
('233', 'Grand Starex', '14'),
('234', 'Elantra (1.8)', '14'),
('235', 'KIA K2500 (กระบะตอนเดียว) 2.5', '15'),
('236', 'KIA K2700 (กระบะตอนเดียว) 2.7', '15'),
('237', 'KIA K2900 (กระบะตอนเดียว) 2.9 (6 ล้อเล็ก)', '15'),
('238', 'Single Cab Diesel /CNG (กระบะตอนเดียว)', '16'),
('239', 'HEAVY DUTY (ตอนเดียวเพลาท้ายบรรทุกหนัก)', '16'),
('24', 'SONIC 1.6 [4Doors+5Doors]', '4'),
('240', 'Max Cab/Max CNG (กระบะแค็บ พื้นเรียบ)', '16'),
('241', 'New Xenon 2.2 (2 ประตู ยกสูง)', '16'),
('242', 'Giant กระบะตอนเดียว พื้นเรียบ', '16'),
('243', 'Super Ace City Giant (บรรทุกเล็ก1ตัน)', '16'),
('244', 'Xenon Doublecab-150 (4ประตู)', '16'),
('245', 'New Xenon 2.2 (กระบะ 4 ประตู ยกสูง)', '16'),
('246', 'XV 2.0i', '9'),
('247', 'Caravelle (2.0)', '18'),
('248', 'V40 (2.0)', '19'),
('249', 'V60 (2.0)', '19'),
('25', 'AVEO 1.4', '4'),
('250', 'S60 (1.6)', '19'),
('251', 'S60 (2.0)', '19'),
('252', 'XC60 (2.0)', '19'),
('26', 'AVEO 1.6', '4'),
('27', 'OPTRA 1.6', '4'),
('28', 'OPTRA 1.6 CNG', '4'),
('29', 'OPTRA 1.8', '4'),
('3', 'C180 (1.6)', '12'),
('30', 'CRUZE 1.6', '4'),
('31', 'CRUZE 1.8', '4'),
('32', 'CRUZE 2.0', '4'),
('33', 'CAPTIVA 2.0 (ดีเซล)', '4'),
('34', 'CAPTIVA 2.4 (เบนซิน)', '4'),
('35', 'Trailblazer 2.5', '4'),
('36', 'Trailblazer 2.8', '4'),
('37', 'COROLADO CREW CAB 2.5 (4ประตู)', '4'),
('38', 'COROLADO CREW CAB 2.8 (4ประตู)', '4'),
('39', 'COROLADO CREW CAB 3.0 (4ประตู)', '4'),
('4', 'C200 (2.0)', '12'),
('40', 'Colorado High Country 2.8 (4ประตู)', '4'),
('41', 'COROLADO S-Cab 2.5 (กระบะตอนเดียว)', '4'),
('42', 'COROLADO 2.5 CNG (กระบะ)', '4'),
('43', 'COROLADO CAB 2.5 (2 ประตู) ', '4'),
('44', 'COROLADO CAB 2.8 (2 ประตู) ', '4'),
('45', 'COROLADO CAB 3.0 (2 ประตู) ', '3'),
('46', 'Fiesta EcoBoost 1.0L [4Doors+5Doors]', '3'),
('47', 'FIESTA 1.4 [4Doors+5Doors]', '3'),
('48', 'FIESTA 1.5 [4Doors+5Doors]', '3'),
('49', 'FIESTA 1.6 [4Doors+5Doors]', '3'),
('5', 'E200 (2.0)', '12'),
('50', 'FOCUS 1.5 Eco Sport', '3'),
('51', 'FOCUS 1.6 [4Doors+5Doors]', '3'),
('52', 'FOCUS 1.8', '3'),
('53', 'FOCUS 2.0 [4Doors+5Doors]', '3'),
('54', 'ESCAPE 2.3', '3'),
('55', 'ESCAPE 3.0', '3'),
('56', 'EVEREST 2.4', '3'),
('57', 'EVEREST 3.2', '3'),
('58', 'EVEREST 2.5', '3'),
('59', 'EVEREST 3.0', '3'),
('6', 'CLA 200 (1.6)', '12'),
('60', 'EcoSport (1.5)', '3'),
('61', 'Ranger Double Cab 2.0 (4ประตู)', '3'),
('62', 'Ranger Double Cab 2.2 (4ประตู)', '3'),
('63', 'Ranger Double Cab 3.2 (4ประตู)', '3'),
('64', 'Ranger Raptor (4ประตู)', '3'),
('65', 'RANGER 2.0 (กระบะตอนเดียว)', '3'),
('66', 'RANGER 2.2 (กระบะตอนเดียว)', '3'),
('67', 'RANGER 3.2 (กระบะตอนเดียว)', '3'),
('68', 'RANGER 3.2 (กระบะตอนเดียว)', '3'),
('69', 'RANGER Open Cab 2.0 (2 ประตู)', '3'),
('7', 'CLA 250 (2.0)', '12'),
('70', 'RANGER Open Cab 2.2 (2 ประตู)', '3'),
('71', 'RANGER Open Cab 3.2 (2 ประตู)', '3'),
('72', 'Territory Titanium 2.7', '3'),
('73', 'Mobilio 1.5', '1'),
('74', 'BRIO 1.2 / BRIO Amaze 1.2', '1'),
('75', 'JAZZ 1.5', '1'),
('76', 'JAZZ HYBRID', '1'),
('77', 'CITY  1.5', '1'),
('78', 'CITY CNG', '1'),
('79', 'Mobilio (1.5)', '1'),
('8', 'GLA 200 (1.6)', '12'),
('80', 'CIVIC 1.8', '1'),
('81', 'CIVIC 2.0', '1'),
('82', 'CIVIC HYBRID 1.5', '1'),
('83', 'CIVIC TURBO 1.5 (All New)', '1'),
('84', 'FREED 1.5', '1'),
('85', 'BRV 1.5', '1'),
('86', 'ACCORD 2.0', '1'),
('87', 'ACCORD HYBRID 2.0', '1'),
('88', 'ACCORD 2.4', '1'),
('89', 'ACCORD 3.0', '1'),
('9', 'GLA 250 (2.0)', '12'),
('90', 'ACCORD 3.5', '1'),
('91', 'HR-V 1.8', '1'),
('92', 'CRV 2.0', '1'),
('93', 'CRV 2.4', '1'),
('94', 'CR-Z HYBRID 1.5', '1'),
('95', 'ODYSSEY 2.4', '1'),
('96', 'STEPWGN SPADA 2.0', '1'),
('97', 'D-MAX SPARK1.9 (กระบะตอนเดียว)', '2'),
('98', 'D-MAX SPARK 2.5 (กระบะตอนเดียว)', '2'),
('99', 'D-MAX SPARK 3.0 (กระบะตอนเดียว)', '2');

-- --------------------------------------------------------

--
-- Table structure for table `car_year`
--

CREATE TABLE `car_year` (
  `Year_id` int(10) NOT NULL,
  `Year_Name` varchar(255) NOT NULL
) ENGINE=InnoDB DEFAULT CHARSET=utf8mb4;

--
-- Dumping data for table `car_year`
--

INSERT INTO `car_year` (`Year_id`, `Year_Name`) VALUES
(1, '2021'),
(2, '2020'),
(3, '2019'),
(4, '2018'),
(5, '2016'),
(6, '2015'),
(7, '2014'),
(8, '2013'),
(9, '2012'),
(10, '2011'),
(11, '2010'),
(12, '2009'),
(13, '2008'),
(14, '2007'),
(15, '2006');

--
-- Indexes for dumped tables
--

--
-- Indexes for table `car_brand`
--
ALTER TABLE `car_brand`
  ADD PRIMARY KEY (`brand_ID`);

--
-- Indexes for table `car_info`
--
ALTER TABLE `car_info`
  ADD PRIMARY KEY (`id`);

--
-- Indexes for table `car_model`
--
ALTER TABLE `car_model`
  ADD PRIMARY KEY (`id`);

--
-- Indexes for table `car_year`
--
ALTER TABLE `car_year`
  ADD PRIMARY KEY (`Year_id`);

--
-- AUTO_INCREMENT for dumped tables
--

--
-- AUTO_INCREMENT for table `car_brand`
--
ALTER TABLE `car_brand`
  MODIFY `brand_ID` int(10) NOT NULL AUTO_INCREMENT, AUTO_INCREMENT=20;
COMMIT;

/*!40101 SET CHARACTER_SET_CLIENT=@OLD_CHARACTER_SET_CLIENT */;
/*!40101 SET CHARACTER_SET_RESULTS=@OLD_CHARACTER_SET_RESULTS */;
/*!40101 SET COLLATION_CONNECTION=@OLD_COLLATION_CONNECTION */;
